time,input,output,dexa,dexb,dexc,token0,token1,token2 
1650768427437,10,9.574644757770235,spooky,spooky,spooky,FTM,MIM,TOMB
1650768427796,10,9.589087759375156,spooky,spooky,spooky,FTM,TOMB,MIM
1650768428116,10,9.945555706704738,spooky,spooky,spooky,FTM,TOMB,BOO
1650768428456,10,9.837621181777381,spooky,spooky,spooky,FTM,BOO,TOMB
1650768428710,10,9.944636293979787,spooky,spooky,spooky,FTM,ETH,WBTC
1650768429023,10,9.934890349446308,spooky,spooky,spooky,FTM,WBTC,ETH
1650768429333,10,9.89276632569001,spooky,spooky,spooky,FTM,ICE,ANY
1650768429696,10,9.906739464150263,spooky,spooky,spooky,FTM,ANY,ICE
1650768430023,10,9.576582923828008,spooky,spooky,spooky,MIM,FTM,TOMB
1650768430305,10,9.560738067927192,spooky,spooky,spooky,MIM,TOMB,FTM
1650768430653,10,9.581288088849208,spooky,spooky,spooky,TOMB,FTM,MIM
1650768430956,10,9.838545891240752,spooky,spooky,spooky,TOMB,FTM,BOO
1650768431289,10,9.594383969016903,spooky,spooky,spooky,TOMB,MIM,FTM
1650768431591,10,9.946303487278984,spooky,spooky,spooky,TOMB,BOO,FTM
1650768431852,10,9.94532398772155,spooky,spooky,spooky,BOO,FTM,TOMB
1650768432121,10,9.837342616654585,spooky,spooky,spooky,BOO,TOMB,FTM
1650768432499,10,9.934925385383922,spooky,spooky,spooky,ETH,FTM,WBTC
1650768432807,10,9.944842431558316,spooky,spooky,spooky,ETH,WBTC,FTM
1650768433078,10,9.94492547,spooky,spooky,spooky,WBTC,FTM,ETH
1650768433384,10,9.93513515,spooky,spooky,spooky,WBTC,ETH,FTM
1650768433664,10,9.90466693309385,spooky,spooky,spooky,ICE,FTM,ANY
1650768433991,10,9.890532718779376,spooky,spooky,spooky,ICE,ANY,FTM
1650768434258,10,9.896413629030413,spooky,spooky,spooky,ANY,FTM,ICE
1650768434558,10,9.91024905564886,spooky,spooky,spooky,ANY,ICE,FTM
1650768434819,10,9.563473218787482,spooky,spooky,spooky,FTM,MIM,TOMB
1650768435081,10,9.57671266226917,spooky,spooky,spooky,FTM,TOMB,MIM
1650768435339,10,9.824952875776113,spooky,spooky,spooky,FTM,BOO,TOMB
1650768435621,10,9.925196767981431,spooky,spooky,spooky,FTM,ETH,WBTC
1650768435923,10,9.936102701187261,spooky,spooky,spooky,FTM,WBTC,ETH
1650768436199,10,9.89697844874418,spooky,spooky,spooky,FTM,ICE,ANY
1650768436500,10,9.945683236246003,spooky,spooky,spooky,FTM,ANY,ICE
1650768436804,10,9.4094324573194,spooky,spooky,spooky,DAI,FTM,MIM
1650768437093,10,9.337706894834199,spooky,spooky,spooky,DAI,FTM,SPIRIT
1650768437401,10,9.7020274197321,spooky,spooky,spooky,LQDR,FTM,MIM
1650768437731,10,9.442356003153472,spooky,spooky,spooky,LQDR,FTM,SPIRIT
1650768438052,10,9.49397451102303,spooky,spooky,spooky,MIM,FTM,DAI
1650768438308,10,9.706622611872604,spooky,spooky,spooky,MIM,FTM,LQDR
1650768438638,10,9.553856291450963,spooky,spooky,spooky,MIM,TOMB,FTM
1650768438923,10,9.502808834336133,spooky,spooky,spooky,TOMB,MIM,FTM
1650768439264,10,9.849807099167041,spooky,spooky,spooky,TOMB,BOO,FTM
1650768439690,10,9.482102213660472,spooky,spooky,spooky,SPIRIT,FTM,DAI
1650768439972,10,9.44431970900869,spooky,spooky,spooky,SPIRIT,FTM,LQDR
1650768440308,10,9.923676305907437,spooky,spooky,spooky,ETH,WBTC,FTM
1650768440621,10,9.93431929,spooky,spooky,spooky,WBTC,ETH,FTM
1650768440913,10,9.832015155945703,spooky,spooky,spooky,ICE,ANY,FTM
1650768441193,10,9.882219889609495,spooky,spooky,spooky,ANY,ICE,FTM
1650768441525,10,9.846950293696393,spooky,spooky,spooky,FTM,ETH,WBTC
1650768441819,10,9.900433041525437,spooky,spooky,spooky,FTM,WBTC,ETH
1650768442161,10,9.8827997054183,spooky,spooky,spooky,FTM,ANY,ICE
1650768442454,10,9.908062007085613,spooky,spooky,spooky,DAI,FTM,ETH
1650768442749,10,9.951685953273415,spooky,spooky,spooky,ETH,FTM,DAI
1650768443054,10,9.936687949058197,spooky,spooky,spooky,ETH,FTM,WBTC
1650768443350,10,9.959180913582077,spooky,spooky,spooky,ETH,WBTC,FTM
1650768443645,10,9.92289725,spooky,spooky,spooky,WBTC,FTM,ETH
1650768443914,10,9.96001888,spooky,spooky,spooky,WBTC,ETH,FTM
1650768444226,10,9.895144578278728,spooky,spooky,spooky,ICE,ANY,FTM
1650768444529,10,9.576044940080676,spooky,spooky,spooky,FTM,MIM,TOMB
1650768444802,10,9.372318324447454,spooky,spooky,spooky,FTM,TOMB,MIM
1650768445106,10,9.759292891728576,spooky,spooky,spooky,FTM,TOMB,BOO
1650768445457,10,9.839057433301484,spooky,spooky,spooky,FTM,BOO,TOMB
1650768445783,10,9.564488989649316,spooky,spooky,spooky,FTM,ETH,WBTC
1650768446065,10,9.9445481258099,spooky,spooky,spooky,FTM,WBTC,ETH
1650768446370,10,9.464192257651465,spooky,spooky,spooky,MIM,TOMB,FTM
1650768446664,10,9.62937321353077,spooky,spooky,spooky,TOMB,MIM,FTM
1650768446968,10,9.982621970508832,spooky,spooky,spooky,TOMB,BOO,FTM
1650768447352,10,9.79375012154381,spooky,spooky,spooky,BOO,TOMB,FTM
1650768447633,10,9.959238816778466,spooky,spooky,spooky,ETH,WBTC,FTM
1650768447924,10,9.82580991,spooky,spooky,spooky,WBTC,ETH,FTM
1650768448228,10,9.479379986291962,spooky,spooky,spooky,FTM,MIM,TOMB
1650768448503,10,9.739698992731075,spooky,spooky,spooky,FTM,BOO,TOMB
1650768448809,10,9.63262542828108,spooky,spooky,spooky,TOMB,MIM,FTM
1650768449075,10,9.985996710020574,spooky,spooky,spooky,TOMB,BOO,FTM
1650768449355,10,9.510054185275989,spooky,spirit,spirit,FTM,DAI,MIM
1650768449678,10,9.418059494058308,spooky,spirit,spirit,FTM,DAI,SPIRIT
1650768449966,10,9.714834257605869,spooky,spirit,spirit,FTM,LQDR,MIM
1650768450247,10,9.383001285768719,spooky,spirit,spirit,FTM,LQDR,SPIRIT
1650768450540,10,9.423742976002039,spooky,spirit,spirit,FTM,MIM,DAI
1650768450778,10,9.681984137919482,spooky,spirit,spirit,FTM,MIM,LQDR
1650768451082,10,9.354428931556647,spooky,spirit,spirit,FTM,SPIRIT,DAI
1650768451384,10,9.396711619221904,spooky,spirit,spirit,FTM,SPIRIT,LQDR
1650768451706,10,9.48473267476459,spooky,spirit,spirit,MIM,FTM,TOMB
1650768452013,10,9.547946494966519,spooky,spirit,spirit,MIM,TOMB,FTM
1650768452312,10,9.57462855256877,spooky,spirit,spirit,TOMB,FTM,MIM
1650768452624,10,9.5820073298285,spooky,spirit,spirit,TOMB,MIM,FTM
1650768452951,10,9.848344061392718,spooky,spirit,spirit,BOO,FTM,TOMB
1650768453222,10,9.824244689655645,spooky,spirit,spirit,BOO,TOMB,FTM
1650768453868,10,9.934517313596931,spooky,spirit,spirit,ETH,FTM,WBTC
1650768454260,10,9.925402408640041,spooky,spirit,spirit,ETH,WBTC,FTM
1650768454518,10,9.92371311,spooky,spirit,spirit,WBTC,FTM,ETH
1650768454807,10,9.93595101,spooky,spirit,spirit,WBTC,ETH,FTM
1650768455090,10,9.876466088263394,spooky,spirit,spirit,ICE,FTM,ANY
1650768455439,10,9.894628410807284,spooky,spirit,spirit,ICE,ANY,FTM
1650768455721,10,9.838077413390407,spooky,spirit,spirit,ANY,FTM,ICE
1650768456002,10,9.949208612909587,spooky,spirit,spirit,ANY,ICE,FTM
1650768456247,10,9.49784809451687,spooky,spirit,spirit,FTM,DAI,MIM
1650768456504,10,9.947913841436659,spooky,spirit,spirit,FTM,DAI,SPIRIT
1650768456795,10,9.70236465330077,spooky,spirit,spirit,FTM,LQDR,MIM
1650768457102,10,9.90876234830013,spooky,spirit,spirit,FTM,LQDR,SPIRIT
1650768457424,10,9.443544978940812,spooky,spirit,spirit,FTM,MIM,DAI
1650768457700,10,9.673599201788578,spooky,spirit,spirit,FTM,MIM,LQDR
1650768457989,10,9.374090009674918,spooky,spirit,spirit,FTM,SPIRIT,DAI
1650768458308,10,9.388565746107993,spooky,spirit,spirit,FTM,SPIRIT,LQDR
1650768458581,10,9.402918052222748,spooky,spirit,spirit,DAI,FTM,MIM
1650768458858,10,9.884891192448958,spooky,spirit,spirit,DAI,FTM,SPIRIT
1650768459157,10,9.695125877142674,spooky,spirit,spirit,LQDR,FTM,MIM
1650768459434,10,9.929928909791839,spooky,spirit,spirit,LQDR,FTM,SPIRIT
1650768459698,10,9.45567256629371,spooky,spirit,spirit,MIM,FTM,DAI
1650768459983,10,9.696408793806002,spooky,spirit,spirit,MIM,FTM,LQDR
1650768460254,10,9.54100440378798,spooky,spirit,spirit,MIM,TOMB,FTM
1650768460501,10,9.490664922129017,spooky,spirit,spirit,TOMB,MIM,FTM
1650768460739,10,9.44206424909355,spooky,spirit,spirit,SPIRIT,FTM,DAI
1650768460987,10,9.434079198078415,spooky,spirit,spirit,SPIRIT,FTM,LQDR
1650768461320,10,9.904277692922605,spooky,spirit,spirit,ETH,WBTC,FTM
1650768461649,10,9.93554308,spooky,spirit,spirit,WBTC,ETH,FTM
1650768462038,10,9.836086604063688,spooky,spirit,spirit,ICE,ANY,FTM
1650768462395,10,9.921061791013638,spooky,spirit,spirit,ANY,ICE,FTM
1650768462721,10,9.55625844774949,spooky,spirit,spirit,FTM,DAI,SPIRIT
1650768463119,10,9.52040132454995,spooky,spirit,spirit,FTM,LQDR,SPIRIT
1650768463473,10,9.438200645835208,spooky,spirit,spirit,FTM,MIM,DAI
1650768463721,10,9.691283790872474,spooky,spirit,spirit,FTM,MIM,LQDR
1650768464043,10,9.368825979623155,spooky,spirit,spirit,FTM,SPIRIT,DAI
1650768464327,10,9.405829032937518,spooky,spirit,spirit,FTM,SPIRIT,LQDR
1650768464724,10,9.886974175362276,spooky,spirit,spirit,DAI,FTM,ETH
1650768465038,10,9.909532893430615,spooky,spirit,spirit,ETH,FTM,DAI
1650768465330,10,9.93627980837611,spooky,spirit,spirit,ETH,FTM,WBTC
1650768465625,10,9.939713140214982,spooky,spirit,spirit,ETH,WBTC,FTM
1650768465915,10,9.90168489,spooky,spirit,spirit,WBTC,FTM,ETH
1650768466202,10,9.96124267,spooky,spirit,spirit,WBTC,ETH,FTM
1650768466492,10,9.899242288835987,spooky,spirit,spirit,ICE,ANY,FTM
1650768466790,10,9.296509030229032,spooky,spirit,spirit,FTM,DAI,MIM
1650768467106,10,9.860564060743805,spooky,spirit,spirit,FTM,DAI,SPIRIT
1650768467413,10,9.493067347905432,spooky,spirit,spirit,FTM,LQDR,MIM
1650768467686,10,9.822418431071824,spooky,spirit,spirit,FTM,LQDR,SPIRIT
1650768467939,10,9.698288117749513,spooky,spirit,spirit,FTM,MIM,LQDR
1650768468298,10,9.412535749235303,spooky,spirit,spirit,FTM,SPIRIT,LQDR
1650768468603,10,9.45169315628798,spooky,spirit,spirit,MIM,TOMB,FTM
1650768468893,10,9.617014293446628,spooky,spirit,spirit,TOMB,MIM,FTM
1650768469166,10,9.780928057278034,spooky,spirit,spirit,BOO,TOMB,FTM
1650768469452,10,9.939784127438761,spooky,spirit,spirit,ETH,WBTC,FTM
1650768469733,10,9.8270337,spooky,spirit,spirit,WBTC,ETH,FTM
1650768469960,10,9.620545479559144,spooky,spirit,spirit,TOMB,MIM,FTM
1650768470224,10,9.951685764093465,spooky,sushi,sushi,FTM,DAI,ETH
1650768470548,10,9.908072033651687,spooky,sushi,sushi,FTM,ETH,DAI
1650768470835,10,9.922969553963275,spooky,sushi,sushi,FTM,ETH,WBTC
1650768471098,10,9.936652846456054,spooky,sushi,sushi,FTM,WBTC,ETH
1650768471432,10,9.959817764328756,spooky,sushi,sushi,ETH,FTM,WBTC
1650768471723,10,9.847067296697032,spooky,sushi,sushi,ETH,WBTC,FTM
1650768472034,10,9.95920302,spooky,sushi,sushi,WBTC,FTM,ETH
1650768472370,10,9.900461100000001,spooky,sushi,sushi,WBTC,ETH,FTM
1650768472647,10,9.900977548217856,spooky,sushi,sushi,ANY,FTM,ICE
1650768472933,10,9.886279471068645,spooky,sushi,sushi,ANY,ICE,FTM
1650768473247,10,9.95290013522434,spooky,sushi,sushi,FTM,DAI,ETH
1650768473535,10,9.928856789543325,spooky,sushi,sushi,FTM,ETH,DAI
1650768473823,10,9.903572449576906,spooky,sushi,sushi,FTM,ETH,WBTC
1650768474087,10,9.937865410114904,spooky,sushi,sushi,FTM,WBTC,ETH
1650768474349,10,9.338139803003372,spooky,sushi,sushi,DAI,FTM,SPIRIT
1650768474615,10,9.433676877087066,spooky,sushi,sushi,LQDR,FTM,SPIRIT
1650768474863,10,9.449553865726147,spooky,sushi,sushi,MIM,FTM,DAI
1650768475160,10,9.672117649647056,spooky,sushi,sushi,MIM,FTM,LQDR
1650768475433,10,9.436860171170652,spooky,sushi,sushi,SPIRIT,FTM,DAI
1650768475688,10,9.410576843454104,spooky,sushi,sushi,SPIRIT,FTM,LQDR
1650768475951,10,9.82610944420768,spooky,sushi,sushi,ETH,WBTC,FTM
1650768476258,10,9.90005317,spooky,sushi,sushi,WBTC,ETH,FTM
1650768476497,10,9.85832266289045,spooky,sushi,sushi,ANY,ICE,FTM
1650768476743,10,9.917169965539184,spooky,sushi,sushi,FTM,DAI,ETH
1650768477002,10,9.922934401905245,spooky,sushi,sushi,FTM,ETH,DAI
1650768477282,10,9.825553292126006,spooky,sushi,sushi,FTM,ETH,WBTC
1650768477565,10,9.902189400614049,spooky,sushi,sushi,FTM,WBTC,ETH
1650768477850,10,9.922342061735732,spooky,sushi,sushi,DAI,FTM,ETH
1650768478122,10,9.903025906132026,spooky,sushi,sushi,ETH,FTM,DAI
1650768478405,10,9.961584530059929,spooky,sushi,sushi,ETH,FTM,WBTC
1650768478717,10,9.8612661945979,spooky,sushi,sushi,ETH,WBTC,FTM
1650768479019,10,9.937174800000001,spooky,sushi,sushi,WBTC,FTM,ETH
1650768479309,10,9.92534483,spooky,sushi,sushi,WBTC,ETH,FTM
1650768479614,10,9.961348217845392,spooky,sushi,sushi,FTM,DAI,ETH
1650768479876,10,9.544196426129174,spooky,sushi,sushi,FTM,ETH,WBTC
1650768480189,10,9.94631111550634,spooky,sushi,sushi,FTM,WBTC,ETH
1650768480431,10,9.86138938144492,spooky,sushi,sushi,ETH,WBTC,FTM
1650768480732,10,9.79276758,spooky,sushi,sushi,WBTC,ETH,FTM
1650768481023,10,9.61019185945977,spooky,solid,solid,MIM,FTM,TOMB
1650768481325,10,9.56213292958004,spooky,solid,solid,MIM,TOMB,FTM
1650768481614,10,9.491575767600873,spooky,solid,solid,TOMB,FTM,MIM
1650768481951,10,9.797942600901603,spooky,solid,solid,TOMB,FTM,BOO
1650768482236,10,9.37925128384329,spooky,solid,solid,TOMB,MIM,FTM
1650768482507,10,9.761284618780772,spooky,solid,solid,TOMB,BOO,FTM
1650768482808,10,9.981506179847138,spooky,solid,solid,BOO,FTM,TOMB
1650768483066,10,9.838681312466566,spooky,solid,solid,BOO,TOMB,FTM
1650768483351,10,9.8259702170998,spooky,solid,solid,ETH,FTM,WBTC
1650768483613,10,9.56385135311529,spooky,solid,solid,ETH,WBTC,FTM
1650768483921,10,9.95920302,spooky,solid,solid,WBTC,FTM,ETH
1650768484200,10,9.94451754,spooky,solid,solid,WBTC,ETH,FTM
1650768484508,10,9.312559456475345,spooky,solid,solid,DAI,FTM,MIM
1650768484751,10,9.685141209629712,spooky,solid,solid,DAI,FTM,SPIRIT
1650768485037,10,9.620725679357953,spooky,solid,solid,LQDR,FTM,MIM
1650768485362,10,9.749376390859508,spooky,solid,solid,LQDR,FTM,SPIRIT
1650768486279,10,9.72669988696871,spooky,solid,solid,MIM,FTM,LQDR
1650768486569,10,9.55518047560277,spooky,solid,solid,MIM,TOMB,FTM
1650768486857,10,9.291407398407847,spooky,solid,solid,TOMB,MIM,FTM
1650768487154,10,9.668197680109747,spooky,solid,solid,TOMB,BOO,FTM
1650768487414,10,9.46434180249649,spooky,solid,solid,SPIRIT,FTM,LQDR
1650768487699,10,9.543496766288085,spooky,solid,solid,ETH,WBTC,FTM
1650768488040,10,9.94410961,spooky,solid,solid,WBTC,ETH,FTM
1650768488350,10,9.922164100578321,spooky,solid,solid,DAI,FTM,ETH
1650768488691,10,9.827714375569167,spooky,solid,solid,ETH,FTM,WBTC
1650768488969,10,9.577645775378864,spooky,solid,solid,ETH,WBTC,FTM
1650768489286,10,9.937174800000001,spooky,solid,solid,WBTC,FTM,ETH
1650768489593,10,9.969401269999999,spooky,solid,solid,WBTC,ETH,FTM
1650768489905,10,9.465475174643586,spooky,solid,solid,MIM,TOMB,FTM
1650768490203,10,9.414248467638906,spooky,solid,solid,TOMB,MIM,FTM
1650768490557,10,9.797703897862231,spooky,solid,solid,TOMB,BOO,FTM
1650768490903,10,9.795096991934196,spooky,solid,solid,BOO,TOMB,FTM
1650768491208,10,9.577950687926641,spooky,solid,solid,ETH,WBTC,FTM
1650768491440,10,9.835192300000001,spooky,solid,solid,WBTC,ETH,FTM
1650768491701,10,9.416821465332458,spooky,solid,solid,TOMB,MIM,FTM
1650768491958,10,9.800385126518727,spooky,solid,solid,TOMB,BOO,FTM
1650768492216,10,9.612729732461935,spooky,tomb,tomb,MIM,FTM,TOMB
1650768492493,10,9.466226249137188,spooky,tomb,tomb,MIM,TOMB,FTM
1650768492779,10,9.984228081547016,spooky,tomb,tomb,BOO,FTM,TOMB
1650768493065,10,9.740000401183794,spooky,tomb,tomb,BOO,TOMB,FTM
1650768493359,10,9.459343849558477,spooky,tomb,tomb,MIM,TOMB,FTM
1650768493638,10,9.372287705533846,spooky,tomb,tomb,MIM,TOMB,FTM
1650768494095,10,9.69816560279321,spooky,tomb,tomb,BOO,TOMB,FTM
1650768494442,10,9.5687373018606,spirit,spooky,spooky,FTM,MIM,TOMB
1650768494730,10,9.498516411287222,spirit,spooky,spooky,FTM,TOMB,MIM
1650768495007,10,9.848637101101586,spirit,spooky,spooky,FTM,TOMB,BOO
1650768495259,10,9.923787166796064,spirit,spooky,spooky,FTM,ETH,WBTC
1650768495514,10,9.934482563442922,spirit,spooky,spooky,FTM,WBTC,ETH
1650768495809,10,9.834471126587205,spirit,spooky,spooky,FTM,ICE,ANY
1650768496077,10,9.878766755274356,spirit,spooky,spooky,FTM,ANY,ICE
1650768496407,10,9.493711790612677,spirit,spooky,spooky,DAI,MIM,FTM
1650768496749,10,9.39912195065184,spirit,spooky,spooky,DAI,SPIRIT,FTM
1650768497065,10,9.734150087737452,spirit,spooky,spooky,LQDR,MIM,FTM
1650768497324,10,9.42644919294983,spirit,spooky,spooky,LQDR,SPIRIT,FTM
1650768497602,10,9.563973414695674,spirit,spooky,spooky,MIM,FTM,TOMB
1650768497890,10,9.406062586354691,spirit,spooky,spooky,MIM,DAI,FTM
1650768498138,10,9.672877291737924,spirit,spooky,spooky,MIM,LQDR,FTM
1650768498418,10,9.569513448356815,spirit,spooky,spooky,TOMB,FTM,MIM
1650768498674,10,9.826047459178204,spirit,spooky,spooky,TOMB,FTM,BOO
1650768498951,10,9.422638190725056,spirit,spooky,spooky,SPIRIT,DAI,FTM
1650768499208,10,9.463013080894441,spirit,spooky,spooky,SPIRIT,LQDR,FTM
1650768499528,10,9.936149600131934,spirit,spooky,spooky,ETH,FTM,WBTC
1650768499810,10,9.92534483,spirit,spooky,spooky,WBTC,FTM,ETH
1650768500081,10,9.943435155640852,spirit,spooky,spooky,ICE,FTM,ANY
1650768500398,10,9.90064788858826,spirit,spooky,spooky,ANY,FTM,ICE
1650768500712,10,9.556799494569633,spirit,spooky,spooky,FTM,MIM,TOMB
1650768501033,10,9.486325166626568,spirit,spooky,spooky,FTM,TOMB,MIM
1650768501287,10,9.904388461599535,spirit,spooky,spooky,FTM,ETH,WBTC
1650768501654,10,9.935694866152621,spirit,spooky,spooky,FTM,WBTC,ETH
1650768501949,10,9.838670611337628,spirit,spooky,spooky,FTM,ICE,ANY
1650768502249,10,9.917468230314967,spirit,spooky,spooky,FTM,ANY,ICE
1650768502549,10,9.428194428459715,spirit,spooky,spooky,DAI,FTM,MIM
1650768502875,10,9.356159172243114,spirit,spooky,spooky,DAI,FTM,SPIRIT
1650768503191,10,9.453507680524533,spirit,spooky,spooky,DAI,MIM,FTM
1650768503529,10,9.35932504963657,spirit,spooky,spooky,DAI,SPIRIT,FTM
1650768503899,10,9.693787600407493,spirit,spooky,spooky,LQDR,FTM,MIM
1650768504201,10,9.43457145511828,spirit,spooky,spooky,LQDR,FTM,SPIRIT
1650768504474,10,9.723611961425448,spirit,spooky,spooky,LQDR,MIM,FTM
1650768504740,10,9.416236285103716,spirit,spooky,spooky,LQDR,SPIRIT,FTM
1650768505022,10,9.482375183000455,spirit,spooky,spooky,MIM,FTM,DAI
1650768505346,10,9.694462366194816,spirit,spooky,spooky,MIM,FTM,LQDR
1650768505613,10,9.399224129590092,spirit,spooky,spooky,MIM,DAI,FTM
1650768505883,10,9.665843937149353,spirit,spooky,spooky,MIM,LQDR,FTM
1650768506227,10,9.94840045450587,spirit,spooky,spooky,SPIRIT,FTM,DAI
1650768506522,10,9.908878159656783,spirit,spooky,spooky,SPIRIT,FTM,LQDR
1650768506836,10,9.885476536383068,spirit,spooky,spooky,SPIRIT,DAI,FTM
1650768507132,10,9.929961675760232,spirit,spooky,spooky,SPIRIT,LQDR,FTM
1650768507386,10,9.826360730649434,spirit,spooky,spooky,FTM,ETH,WBTC
1650768507630,10,9.900026675641394,spirit,spooky,spooky,FTM,WBTC,ETH
1650768507933,10,9.85476230827462,spirit,spooky,spooky,FTM,ANY,ICE
1650768508213,10,9.928815890414029,spirit,spooky,spooky,DAI,FTM,ETH
1650768508509,10,9.447388840917274,spirit,spooky,spooky,DAI,MIM,FTM
1650768508811,10,9.353324777931784,spirit,spooky,spooky,DAI,SPIRIT,FTM
1650768509115,10,9.699174330408495,spirit,spooky,spooky,LQDR,MIM,FTM
1650768509443,10,9.392669079363259,spirit,spooky,spooky,LQDR,SPIRIT,FTM
1650768509735,10,9.41066825591993,spirit,spooky,spooky,SPIRIT,DAI,FTM
1650768510072,10,9.451288812846524,spirit,spooky,spooky,SPIRIT,LQDR,FTM
1650768510346,10,9.952900213616715,spirit,spooky,spooky,ETH,FTM,DAI
1650768510649,10,9.937912371102536,spirit,spooky,spooky,ETH,FTM,WBTC
1650768510905,10,9.90372454,spirit,spooky,spooky,WBTC,FTM,ETH
1650768511155,10,9.569332925397052,spirit,spooky,spooky,FTM,MIM,TOMB
1650768511482,10,9.285430023162377,spirit,spooky,spooky,FTM,TOMB,MIM
1650768511757,10,9.665507403968085,spirit,spooky,spooky,FTM,TOMB,BOO
1650768512025,10,9.544962225528632,spirit,spooky,spooky,FTM,ETH,WBTC
1650768512285,10,9.944140225752767,spirit,spooky,spooky,FTM,WBTC,ETH
1650768512542,10,9.75478647779183,spirit,spooky,spooky,LQDR,MIM,FTM
1650768512806,10,9.446433788102995,spirit,spooky,spooky,LQDR,SPIRIT,FTM
1650768513137,10,9.313812078307475,spirit,spooky,spooky,MIM,DAI,FTM
1650768513417,10,9.573036360590631,spirit,spooky,spooky,MIM,LQDR,FTM
1650768513708,10,9.7129908041453,spirit,spooky,spooky,SPIRIT,DAI,FTM
1650768513962,10,9.75604804187547,spirit,spooky,spooky,SPIRIT,LQDR,FTM
1650768514278,10,9.47473478636375,spirit,spooky,spooky,FTM,MIM,TOMB
1650768514575,10,9.471646388878412,spirit,spirit,spirit,FTM,DAI,MIM
1650768514805,10,9.380340048192148,spirit,spirit,spirit,FTM,DAI,SPIRIT
1650768515067,10,9.70459297118418,spirit,spirit,spirit,FTM,LQDR,MIM
1650768515314,10,9.37342245290053,spirit,spirit,spirit,FTM,LQDR,SPIRIT
1650768515585,10,9.417209757005862,spirit,spirit,spirit,FTM,MIM,DAI
1650768515903,10,9.675108406483174,spirit,spirit,spirit,FTM,MIM,LQDR
1650768516216,10,9.885014596810416,spirit,spirit,spirit,FTM,SPIRIT,DAI
1650768516530,10,9.92985031896443,spirit,spirit,spirit,FTM,SPIRIT,LQDR
1650768516798,10,9.481525607371422,spirit,spirit,spirit,DAI,MIM,FTM
1650768517082,10,9.947773507430322,spirit,spirit,spirit,DAI,SPIRIT,FTM
1650768517390,10,9.72165872410505,spirit,spirit,spirit,LQDR,MIM,FTM
1650768517691,10,9.908842111187184,spirit,spirit,spirit,LQDR,SPIRIT,FTM
1650768518035,10,9.473061233804007,spirit,spirit,spirit,MIM,FTM,TOMB
1650768518368,10,9.425802582874018,spirit,spirit,spirit,MIM,DAI,FTM
1650768518641,10,9.664511261730032,spirit,spirit,spirit,MIM,LQDR,FTM
1650768518942,10,9.562801644347651,spirit,spirit,spirit,TOMB,FTM,MIM
1650768519258,10,9.441542154033392,spirit,spirit,spirit,SPIRIT,DAI,FTM
1650768519584,10,9.455183347217044,spirit,spirit,spirit,SPIRIT,LQDR,FTM
1650768519881,10,9.935741528345078,spirit,spirit,spirit,ETH,FTM,WBTC
1650768520238,10,9.90413247,spirit,spirit,spirit,WBTC,FTM,ETH
1650768520534,10,9.915115762785673,spirit,spirit,spirit,ICE,FTM,ANY
1650768520831,10,9.842417729198653,spirit,spirit,spirit,ANY,FTM,ICE
1650768521128,10,9.459489718558576,spirit,spirit,spirit,FTM,DAI,MIM
1650768521403,10,9.905791077358078,spirit,spirit,spirit,FTM,DAI,SPIRIT
1650768521683,10,9.692136546174613,spirit,spirit,spirit,FTM,LQDR,MIM
1650768521959,10,9.89806803589659,spirit,spirit,spirit,FTM,LQDR,SPIRIT
1650768522245,10,9.436998480015514,spirit,spirit,spirit,FTM,MIM,DAI
1650768522524,10,9.66672922661943,spirit,spirit,spirit,FTM,MIM,LQDR
1650768522779,10,9.905752644298639,spirit,spirit,spirit,FTM,SPIRIT,DAI
1650768523033,10,9.921258060977381,spirit,spirit,spirit,FTM,SPIRIT,LQDR
1650768523292,10,9.42166762349607,spirit,spirit,spirit,DAI,FTM,MIM
1650768523529,10,9.90558901740712,spirit,spirit,spirit,DAI,FTM,SPIRIT
1650768523779,10,9.441373966275624,spirit,spirit,spirit,DAI,MIM,FTM
1650768524122,10,9.905612802499535,spirit,spirit,spirit,DAI,SPIRIT,FTM
1650768524455,10,9.686891817657997,spirit,spirit,spirit,LQDR,FTM,MIM
1650768524753,10,9.92131289341986,spirit,spirit,spirit,LQDR,FTM,SPIRIT
1650768525027,10,9.711133790257053,spirit,spirit,spirit,LQDR,MIM,FTM
1650768525324,10,9.898119576970382,spirit,spirit,spirit,LQDR,SPIRIT,FTM
1650768525678,10,9.444118532561472,spirit,spirit,spirit,MIM,FTM,DAI
1650768525973,10,9.68426065340698,spirit,spirit,spirit,MIM,FTM,LQDR
1650768526279,10,9.418949708537253,spirit,spirit,spirit,MIM,DAI,FTM
1650768526596,10,9.657484018970633,spirit,spirit,spirit,MIM,LQDR,FTM
1650768526920,10,9.906364909729474,spirit,spirit,spirit,SPIRIT,FTM,DAI
1650768527220,10,9.898146009238461,spirit,spirit,spirit,SPIRIT,FTM,LQDR
1650768527532,10,9.906302590299154,spirit,spirit,spirit,SPIRIT,DAI,FTM
1650768527825,10,9.92133336883185,spirit,spirit,spirit,SPIRIT,LQDR,FTM
1650768528823,10,9.517679529552298,spirit,spirit,spirit,FTM,DAI,SPIRIT
1650768529261,10,9.510604579644053,spirit,spirit,spirit,FTM,LQDR,SPIRIT
1650768529576,10,9.431661741814855,spirit,spirit,spirit,FTM,MIM,DAI
1650768529855,10,9.684403732554733,spirit,spirit,spirit,FTM,MIM,LQDR
1650768530154,10,9.899858447973351,spirit,spirit,spirit,FTM,SPIRIT,DAI
1650768530479,10,9.939303792676997,spirit,spirit,spirit,FTM,SPIRIT,LQDR
1650768530823,10,9.907683849954054,spirit,spirit,spirit,DAI,FTM,ETH
1650768531096,10,9.435270467002516,spirit,spirit,spirit,DAI,MIM,FTM
1650768531457,10,9.898908670726403,spirit,spirit,spirit,DAI,SPIRIT,FTM
1650768531756,10,9.686731619331516,spirit,spirit,spirit,LQDR,MIM,FTM
1650768532084,10,9.873184931888611,spirit,spirit,spirit,LQDR,SPIRIT,FTM
1650768532426,10,9.4296869252934,spirit,spirit,spirit,SPIRIT,DAI,FTM
1650768532740,10,9.44341123852968,spirit,spirit,spirit,SPIRIT,LQDR,FTM
1650768533070,10,9.91074192319578,spirit,spirit,spirit,ETH,FTM,DAI
1650768533423,10,9.93750423042141,spirit,spirit,spirit,ETH,FTM,WBTC
1650768533743,10,9.88251218,spirit,spirit,spirit,WBTC,FTM,ETH
1650768534040,10,9.259626563865847,spirit,spirit,spirit,FTM,DAI,MIM
1650768534364,10,9.819523286796718,spirit,spirit,spirit,FTM,DAI,SPIRIT
1650768534669,10,9.483240804061221,spirit,spirit,spirit,FTM,LQDR,MIM
1650768534993,10,9.811997978124426,spirit,spirit,spirit,FTM,LQDR,SPIRIT
1650768535270,10,9.691400821198142,spirit,spirit,spirit,FTM,MIM,LQDR
1650768535601,10,9.946571201969894,spirit,spirit,spirit,FTM,SPIRIT,LQDR
1650768535960,10,9.742268654699473,spirit,spirit,spirit,LQDR,MIM,FTM
1650768536300,10,9.92984853144761,spirit,spirit,spirit,LQDR,SPIRIT,FTM
1650768536688,10,9.332999732128199,spirit,spirit,spirit,MIM,DAI,FTM
1650768537023,10,9.56491241827173,spirit,spirit,spirit,MIM,LQDR,FTM
1650768537320,10,9.733149091243634,spirit,spirit,spirit,SPIRIT,DAI,FTM
1650768537768,10,9.747697139409132,spirit,spirit,spirit,SPIRIT,LQDR,FTM
1650768538075,10,9.909532225353908,spirit,sushi,sushi,FTM,DAI,ETH
1650768538394,10,9.887216130592263,spirit,sushi,sushi,FTM,ETH,DAI
1650768538703,10,9.90172431345448,spirit,sushi,sushi,FTM,ETH,WBTC
1650768539031,10,9.936244992223681,spirit,sushi,sushi,FTM,WBTC,ETH
1650768539343,10,9.53947878795845,spirit,sushi,sushi,DAI,SPIRIT,FTM
1650768539640,10,9.558314709029009,spirit,sushi,sushi,LQDR,SPIRIT,FTM
1650768539971,10,9.420252961368918,spirit,sushi,sushi,MIM,DAI,FTM
1650768540296,10,9.682041870433958,spirit,sushi,sushi,MIM,LQDR,FTM
1650768540624,10,9.436877923267861,spirit,sushi,sushi,SPIRIT,DAI,FTM
1650768540993,10,9.47196561920924,spirit,sushi,sushi,SPIRIT,LQDR,FTM
1650768541312,10,9.961041979068655,spirit,sushi,sushi,ETH,FTM,WBTC
1650768541672,10,9.939622380000001,spirit,sushi,sushi,WBTC,FTM,ETH
1650768542009,10,9.905345624058063,spirit,sushi,sushi,ANY,FTM,ICE
1650768542341,10,9.910741527978194,spirit,sushi,sushi,FTM,DAI,ETH
1650768542631,10,9.90772680199154,spirit,sushi,sushi,FTM,ETH,DAI
1650768543037,10,9.882356136785852,spirit,sushi,sushi,FTM,ETH,WBTC
1650768543323,10,9.937457506843336,spirit,sushi,sushi,FTM,WBTC,ETH
1650768543622,10,9.356753071957392,spirit,sushi,sushi,DAI,FTM,SPIRIT
1650768543931,10,9.499299877114405,spirit,sushi,sushi,DAI,SPIRIT,FTM
1650768544272,10,9.425839750172088,spirit,sushi,sushi,LQDR,FTM,SPIRIT
1650768544589,10,9.54796236536917,spirit,sushi,sushi,LQDR,SPIRIT,FTM
1650768544890,10,9.438014436133187,spirit,sushi,sushi,MIM,FTM,DAI
1650768545175,10,9.660003836032661,spirit,sushi,sushi,MIM,FTM,LQDR
1650768545451,10,9.41340414035711,spirit,sushi,sushi,MIM,DAI,FTM
1650768545800,10,9.675001820576934,spirit,sushi,sushi,MIM,LQDR,FTM
1650768546114,10,9.900650738420794,spirit,sushi,sushi,SPIRIT,FTM,DAI
1650768546390,10,9.873338101315037,spirit,sushi,sushi,SPIRIT,FTM,LQDR
1650768546702,10,9.901163728207296,spirit,sushi,sushi,SPIRIT,DAI,FTM
1650768546994,10,9.939828183485016,spirit,sushi,sushi,SPIRIT,LQDR,FTM
1650768547306,10,9.875163226481243,spirit,sushi,sushi,FTM,DAI,ETH
1650768547590,10,9.90183019945506,spirit,sushi,sushi,FTM,ETH,DAI
1650768547874,10,9.804559766580727,spirit,sushi,sushi,FTM,ETH,WBTC
1650768548166,10,9.901782966740685,spirit,sushi,sushi,FTM,WBTC,ETH
1650768548495,10,9.943125547196951,spirit,sushi,sushi,DAI,FTM,ETH
1650768548815,10,9.493122970400144,spirit,sushi,sushi,DAI,SPIRIT,FTM
1650768549127,10,9.52402292075334,spirit,sushi,sushi,LQDR,SPIRIT,FTM
1650768549422,10,9.42499434076111,spirit,sushi,sushi,SPIRIT,DAI,FTM
1650768549741,10,9.460296169914262,spirit,sushi,sushi,SPIRIT,LQDR,FTM
1650768550007,10,9.90423338362735,spirit,sushi,sushi,ETH,FTM,DAI
1650768550294,10,9.962808952045664,spirit,sushi,sushi,ETH,FTM,WBTC
1650768550581,10,9.91800209,spirit,sushi,sushi,WBTC,FTM,ETH
1650768550891,10,9.919182865231765,spirit,sushi,sushi,FTM,DAI,ETH
1650768551209,10,9.524284477516089,spirit,sushi,sushi,FTM,ETH,WBTC
1650768551548,10,9.945903147301276,spirit,sushi,sushi,FTM,WBTC,ETH
1650768551866,10,9.57857863576021,spirit,sushi,sushi,LQDR,SPIRIT,FTM
1650768552203,10,9.327605543030153,spirit,sushi,sushi,MIM,DAI,FTM
1650768552528,10,9.581935440381285,spirit,sushi,sushi,MIM,LQDR,FTM
1650768552825,10,9.72817511885027,spirit,sushi,sushi,SPIRIT,DAI,FTM
1650768553181,10,9.765597071166692,spirit,sushi,sushi,SPIRIT,LQDR,FTM
1650768553548,10,9.274557907155511,spirit,solid,solid,DAI,MIM,FTM
1650768553840,10,9.853984412669087,spirit,solid,solid,DAI,SPIRIT,FTM
1650768554132,10,9.52627690720676,spirit,solid,solid,LQDR,MIM,FTM
1650768554474,10,9.836749181744153,spirit,solid,solid,LQDR,SPIRIT,FTM
1650768554939,10,9.59831590856228,spirit,solid,solid,MIM,FTM,TOMB
1650768555274,10,9.689165165263915,spirit,solid,solid,MIM,LQDR,FTM
1650768555596,10,9.478785056510292,spirit,solid,solid,TOMB,FTM,MIM
1650768555904,10,9.784256301705282,spirit,solid,solid,TOMB,FTM,BOO
1650768556218,10,9.478186878165092,spirit,solid,solid,SPIRIT,LQDR,FTM
1650768556501,10,9.82433792931367,spirit,solid,solid,ETH,FTM,WBTC
1650768556814,10,9.939622380000001,spirit,solid,solid,WBTC,FTM,ETH
1650768557150,10,9.330778506368826,spirit,solid,solid,DAI,FTM,MIM
1650768557480,10,9.705062905544937,spirit,solid,solid,DAI,FTM,SPIRIT
1650768557787,10,9.23551315240247,spirit,solid,solid,DAI,MIM,FTM
1650768558139,10,9.81245770716889,spirit,solid,solid,DAI,SPIRIT,FTM
1650768558408,10,9.612692880873158,spirit,solid,solid,LQDR,FTM,MIM
1650768558703,10,9.7410487254753,spirit,solid,solid,LQDR,FTM,SPIRIT
1650768559051,10,9.515958431906991,spirit,solid,solid,LQDR,MIM,FTM
1650768559343,10,9.826102729926248,spirit,solid,solid,LQDR,SPIRIT,FTM
1650768559669,10,9.714515137066332,spirit,solid,solid,MIM,FTM,LQDR
1650768559996,10,9.682119911376217,spirit,solid,solid,MIM,LQDR,FTM
1650768560297,10,9.929884262993378,spirit,solid,solid,SPIRIT,FTM,LQDR
1650768560588,10,9.946685126206608,spirit,solid,solid,SPIRIT,LQDR,FTM
1650768560850,10,9.942932573073342,spirit,solid,solid,DAI,FTM,ETH
1650768561178,10,9.229666986491104,spirit,solid,solid,DAI,MIM,FTM
1650768561479,10,9.805876357128811,spirit,solid,solid,DAI,SPIRIT,FTM
1650768561775,10,9.492109533725058,spirit,solid,solid,LQDR,MIM,FTM
1650768562147,10,9.801373445212043,spirit,solid,solid,LQDR,SPIRIT,FTM
1650768562485,10,9.466555597194352,spirit,solid,solid,SPIRIT,LQDR,FTM
1650768562820,10,9.826081812496886,spirit,solid,solid,ETH,FTM,WBTC
1650768563115,10,9.91800209,spirit,solid,solid,WBTC,FTM,ETH
1650768563459,10,9.546472968639769,spirit,solid,solid,LQDR,MIM,FTM
1650768563771,10,9.857602897121012,spirit,solid,solid,LQDR,SPIRIT,FTM
1650768564093,10,9.588852153279491,spirit,solid,solid,MIM,LQDR,FTM
1650768564418,10,9.772233208752645,spirit,solid,solid,SPIRIT,LQDR,FTM
1650768564785,10,9.600308025024196,spirit,tomb,tomb,MIM,FTM,TOMB
1650768565076,10,9.959366091962417,sushi,spooky,spooky,FTM,ETH,WBTC
1650768565375,10,9.927077125584386,sushi,spooky,spooky,FTM,WBTC,ETH
1650768565675,10,9.89734957673587,sushi,spooky,spooky,FTM,ICE,ANY
1650768566020,10,9.912874899540757,sushi,spooky,spooky,DAI,ETH,FTM
1650768566367,10,9.900647354553323,sushi,spooky,spooky,ETH,FTM,WBTC
1650768566701,10,9.946851963077634,sushi,spooky,spooky,ETH,DAI,FTM
1650768567005,10,9.955934256155551,sushi,spooky,spooky,ETH,WBTC,FTM
1650768567342,10,9.879656670000001,sushi,spooky,spooky,WBTC,FTM,ETH
1650768567657,10,9.90372454,sushi,spooky,spooky,WBTC,ETH,FTM
1650768567965,10,9.880848592983634,sushi,spooky,spooky,ICE,FTM,ANY
1650768568311,10,9.939884984024905,sushi,spooky,spooky,FTM,ETH,WBTC
1650768568623,10,9.958561568921377,sushi,spooky,spooky,FTM,WBTC,ETH
1650768568900,10,9.901562687308743,sushi,spooky,spooky,FTM,ICE,ANY
1650768569166,10,9.422604015471915,sushi,spooky,spooky,DAI,FTM,MIM
1650768569455,10,9.350661105946676,sushi,spooky,spooky,DAI,FTM,SPIRIT
1650768569732,10,9.876571982494662,sushi,spooky,spooky,DAI,ETH,FTM
1650768570034,10,9.711332640184729,sushi,spooky,spooky,LQDR,FTM,MIM
1650768570353,10,9.451146620435763,sushi,spooky,spooky,LQDR,FTM,SPIRIT
1650768570622,10,9.606608460817892,sushi,spooky,spooky,SPIRIT,FTM,DAI
1650768570904,10,9.573892718385776,sushi,spooky,spooky,SPIRIT,FTM,LQDR
1650768571194,10,9.895508477640417,sushi,spooky,spooky,ETH,DAI,FTM
1650768571485,10,9.904543873734605,sushi,spooky,spooky,ETH,WBTC,FTM
1650768571751,10,9.903316610000001,sushi,spooky,spooky,WBTC,ETH,FTM
1650768572034,10,9.861483964672448,sushi,spooky,spooky,FTM,ETH,WBTC
1650768572324,10,9.92562768683637,sushi,spooky,spooky,FTM,WBTC,ETH
1650768572621,10,9.955711617959022,sushi,spooky,spooky,DAI,FTM,ETH
1650768572914,10,9.86990624915324,sushi,spooky,spooky,DAI,ETH,FTM
1650768573213,10,9.911439587781956,sushi,spooky,spooky,ETH,FTM,DAI
1650768573480,10,9.902404130646568,sushi,spooky,spooky,ETH,FTM,WBTC
1650768573776,10,9.928094478472891,sushi,spooky,spooky,ETH,DAI,FTM
1650768574067,10,9.937159514929103,sushi,spooky,spooky,ETH,WBTC,FTM
1650768574352,10,9.85803638,sushi,spooky,spooky,WBTC,FTM,ETH
1650768574695,10,9.92860827,sushi,spooky,spooky,WBTC,ETH,FTM
1650768574973,10,9.578271289563887,sushi,spooky,spooky,FTM,ETH,WBTC
1650768575738,10,9.969837845395586,sushi,spooky,spooky,FTM,WBTC,ETH
1650768576019,10,9.92817324982579,sushi,spooky,spooky,ETH,DAI,FTM
1650768576304,10,9.937232214577275,sushi,spooky,spooky,ETH,WBTC,FTM
1650768576574,10,9.79562309,sushi,spooky,spooky,WBTC,ETH,FTM
1650768576863,10,9.465712282759927,sushi,spirit,spirit,FTM,DAI,MIM
1650768577194,10,9.37451206680239,sushi,spirit,spirit,FTM,DAI,SPIRIT
1650768577511,10,9.680387679305149,sushi,spirit,spirit,FTM,LQDR,MIM
1650768577793,10,9.35078033062239,sushi,spirit,spirit,FTM,LQDR,SPIRIT
1650768578113,10,9.357848907560161,sushi,spirit,spirit,FTM,SPIRIT,DAI
1650768578450,10,9.394714111797423,sushi,spirit,spirit,FTM,SPIRIT,LQDR
1650768578760,10,9.944313623204616,sushi,spirit,spirit,DAI,ETH,FTM
1650768579056,10,9.899831210973899,sushi,spirit,spirit,ETH,FTM,WBTC
1650768579311,10,9.961955292078784,sushi,spirit,spirit,ETH,DAI,FTM
1650768579606,10,9.936459882894617,sushi,spirit,spirit,ETH,WBTC,FTM
1650768579919,10,9.82866542,sushi,spirit,spirit,WBTC,FTM,ETH
1650768580228,10,9.93513515,sushi,spirit,spirit,WBTC,ETH,FTM
1650768580531,10,9.852720549870622,sushi,spirit,spirit,ICE,FTM,ANY
1650768580837,10,9.45356324793876,sushi,spirit,spirit,FTM,DAI,MIM
1650768581105,10,9.89928447508319,sushi,spirit,spirit,FTM,DAI,SPIRIT
1650768581392,10,9.667962403290403,sushi,spirit,spirit,FTM,LQDR,MIM
1650768581679,10,9.87279415158875,sushi,spirit,spirit,FTM,LQDR,SPIRIT
1650768581964,10,9.372097993740981,sushi,spirit,spirit,FTM,SPIRIT,DAI
1650768582205,10,9.386569914338315,sushi,spirit,spirit,FTM,SPIRIT,LQDR
1650768582498,10,9.41608090499071,sushi,spirit,spirit,DAI,FTM,MIM
1650768582768,10,9.899421355713322,sushi,spirit,spirit,DAI,FTM,SPIRIT
1650768583042,10,9.907893234154177,sushi,spirit,spirit,DAI,ETH,FTM
1650768583348,10,9.704424593220907,sushi,spirit,spirit,LQDR,FTM,MIM
1650768583639,10,9.939659350639701,sushi,spirit,spirit,LQDR,FTM,SPIRIT
1650768583921,10,9.571566740804546,sushi,spirit,spirit,SPIRIT,FTM,DAI
1650768584195,10,9.563514967162643,sushi,spirit,spirit,SPIRIT,FTM,LQDR
1650768584482,10,9.910533819649077,sushi,spirit,spirit,ETH,DAI,FTM
1650768584777,10,9.885170057571921,sushi,spirit,spirit,ETH,WBTC,FTM
1650768585054,10,9.934727220000001,sushi,spirit,spirit,WBTC,ETH,FTM
1650768585320,10,9.511718973470048,sushi,spirit,spirit,FTM,DAI,SPIRIT
1650768585592,10,9.48744800015506,sushi,spirit,spirit,FTM,LQDR,SPIRIT
1650768585910,10,9.36683625787914,sushi,spirit,spirit,FTM,SPIRIT,DAI
1650768586195,10,9.403830229817297,sushi,spirit,spirit,FTM,SPIRIT,LQDR
1650768586512,10,9.904323240960789,sushi,spirit,spirit,DAI,FTM,ETH
1650768586792,10,9.901186082477954,sushi,spirit,spirit,DAI,ETH,FTM
1650768587101,10,9.875166215685613,sushi,spirit,spirit,ETH,FTM,DAI
1650768587380,10,9.901587849228273,sushi,spirit,spirit,ETH,FTM,WBTC
1650768587657,10,9.943169110578262,sushi,spirit,spirit,ETH,DAI,FTM
1650768587976,10,9.917722143255446,sushi,spirit,spirit,ETH,WBTC,FTM
1650768588268,10,9.80704513,sushi,spirit,spirit,WBTC,FTM,ETH
1650768588599,10,9.96001888,sushi,spirit,spirit,WBTC,ETH,FTM
1650768588938,10,9.253927654252752,sushi,spirit,spirit,FTM,DAI,MIM
1650768589245,10,9.813183286135516,sushi,spirit,spirit,FTM,DAI,SPIRIT
1650768589582,10,9.46001426600322,sushi,spirit,spirit,FTM,LQDR,MIM
1650768589848,10,9.787369781070408,sushi,spirit,spirit,FTM,LQDR,SPIRIT
1650768590161,10,9.410534881738702,sushi,spirit,spirit,FTM,SPIRIT,LQDR
1650768590514,10,9.94323777886251,sushi,spirit,spirit,ETH,DAI,FTM
1650768590793,10,9.917807848192764,sushi,spirit,spirit,ETH,WBTC,FTM
1650768591153,10,9.82621784,sushi,spirit,spirit,WBTC,ETH,FTM
1650768591438,10,9.871028484891351,sushi,sushi,sushi,FTM,DAI,ETH
1650768591719,10,9.928094248667863,sushi,sushi,sushi,FTM,ETH,DAI
1650768592022,10,9.93729051730566,sushi,sushi,sushi,FTM,ETH,WBTC
1650768592322,10,9.929757070843374,sushi,sushi,sushi,FTM,WBTC,ETH
1650768592631,10,9.91142244934444,sushi,sushi,sushi,DAI,ETH,FTM
1650768592960,10,9.925539733663024,sushi,sushi,sushi,ETH,FTM,WBTC
1650768593251,10,9.955071080652694,sushi,sushi,sushi,ETH,DAI,FTM
1650768593540,10,9.857183185679018,sushi,sushi,sushi,ETH,WBTC,FTM
1650768593813,10,9.86129982,sushi,sushi,sushi,WBTC,FTM,ETH
1650768594114,10,9.90209282,sushi,sushi,sushi,WBTC,ETH,FTM
1650768594422,10,9.90141875538592,sushi,sushi,sushi,FTM,DAI,ETH
1650768594713,10,9.943170441184604,sushi,sushi,sushi,FTM,ETH,DAI
1650768594992,10,9.917852659889526,sushi,sushi,sushi,FTM,ETH,WBTC
1650768595719,10,9.960328045153759,sushi,sushi,sushi,FTM,WBTC,ETH
1650768596772,10,9.351206969759167,sushi,sushi,sushi,DAI,FTM,SPIRIT
1650768597241,10,9.875124959077457,sushi,sushi,sushi,DAI,ETH,FTM
1650768597538,10,9.442526987923786,sushi,sushi,sushi,LQDR,FTM,SPIRIT
1650768601427,10,9.868703274333742,sushi,sushi,sushi,ETH,FTM,DAI
1650768601856,10,9.92730071328918,sushi,sushi,sushi,ETH,FTM,WBTC
1650768602178,10,9.937217707534,sushi,sushi,sushi,ETH,DAI,FTM
1650768602493,10,9.839506746325888,sushi,sushi,sushi,ETH,WBTC,FTM
1650768602773,10,9.83967953,sushi,sushi,sushi,WBTC,FTM,ETH
1650768603086,10,9.92738448,sushi,sushi,sushi,WBTC,ETH,FTM
1650768603405,10,9.912669673570143,sushi,sushi,sushi,FTM,DAI,ETH
1650768826613,10,9.960018945216488,spooky,spooky,FTM,DAI
1650768826849,10,9.959415150501355,spooky,spooky,FTM,LQDR
1650768827087,10,9.959998112493711,spooky,spooky,FTM,MIM
1650768827321,10,9.959325468479037,spooky,spooky,FTM,TOMB
1650768827579,10,8.931755450701004,spooky,spooky,FTM,SPIRIT
1650768827803,10,9.95991906639205,spooky,spooky,FTM,BOO
1650768828044,10,9.835559094177714,spooky,spooky,FTM,FANG
1650768828260,10,9.960029494372717,spooky,spooky,FTM,ETH
1650768828508,10,9.95977489889944,spooky,spooky,FTM,WBTC
1650768828720,10,9.959410411027756,spooky,spooky,FTM,ICE
1650768828943,10,9.959755170953384,spooky,spooky,FTM,ANY
1650768829205,10,9.960018203030899,spooky,spooky,DAI,FTM
1650768829491,10,9.959469388534915,spooky,spooky,LQDR,FTM
1650768829690,10,9.959996505365709,spooky,spooky,MIM,FTM
1650768829918,10,9.24207289243671,spooky,spooky,MIM,TOMB
1650768830128,10,9.960035939803774,spooky,spooky,TOMB,FTM
1650768830330,10,9.277380695342112,spooky,spooky,TOMB,MIM
1650768830547,10,9.864285330759204,spooky,spooky,TOMB,BOO
1650768830747,10,9.048361802460672,spooky,spooky,SPIRIT,FTM
1650768830941,10,9.960029193859322,spooky,spooky,BOO,FTM
1650768831170,10,9.862637912081905,spooky,spooky,BOO,TOMB
1650768831417,10,9.84189114797972,spooky,spooky,FANG,FTM
1650768831637,10,9.960029514679556,spooky,spooky,ETH,FTM
1650768831826,10,9.95981776371395,spooky,spooky,ETH,WBTC
1650768832055,10,9.95961095,spooky,spooky,WBTC,FTM
1650768832251,10,9.95961095,spooky,spooky,WBTC,ETH
1650768832488,10,9.959376677928825,spooky,spooky,ICE,FTM
1650768832695,10,9.876079432435102,spooky,spooky,ICE,ANY
1650768832912,10,9.959780513692753,spooky,spooky,ANY,FTM
1650768833100,10,9.88730525935768,spooky,spooky,ANY,ICE
1650768833301,10,9.975944337840147,spooky,spirit,FTM,DAI
1650768833489,10,9.951164709190031,spooky,spirit,FTM,LQDR
1650768833679,10,9.946491949597727,spooky,spirit,FTM,MIM
1650768833894,10,9.929128696781538,spooky,spirit,FTM,TOMB
1650768834107,10,9.40602662426367,spooky,spirit,FTM,SPIRIT
1650768834339,10,9.833900974339556,spooky,spirit,FTM,FANG
1650768834565,10,9.985580982122856,spooky,spirit,FTM,ETH
1650768834796,10,9.911694610030798,spooky,spirit,FTM,WBTC
1650768835012,10,9.997944074598779,spooky,spirit,FTM,ICE
1650768835242,10,9.963981638776207,spooky,spirit,FTM,ANY
1650768835473,10,9.922740312874508,spooky,spirit,DAI,FTM
1650768835683,10,9.94832701277898,spooky,spirit,LQDR,FTM
1650768835879,10,9.953474859597563,spooky,spirit,MIM,FTM
1650768836059,10,9.880751313454688,spooky,spirit,TOMB,FTM
1650768836271,10,9.474301202335795,spooky,spirit,SPIRIT,FTM
1650768836462,10,9.943781688140625,spooky,spirit,FANG,FTM
1650768836648,10,9.914608860213265,spooky,spirit,ETH,FTM
1650768836867,10,9.98816605,spooky,spirit,WBTC,FTM
1650768837059,10,9.901062590447658,spooky,spirit,ICE,FTM
1650768837253,10,9.931601755116116,spooky,spirit,ANY,FTM
1650768837492,10,9.969964286746348,spooky,sushi,FTM,DAI
1650768837688,10,9.969253742164092,spooky,sushi,FTM,LQDR
1650768837888,10,9.059063608559791,spooky,sushi,FTM,SPIRIT
1650768838111,10,9.957653067385374,spooky,sushi,FTM,ETH
1650768838325,10,9.861887676122105,spooky,sushi,FTM,WBTC
1650768838586,10,9.935212048203464,spooky,sushi,FTM,ICE
1650768838801,10,9.916013483077322,spooky,sushi,DAI,FTM
1650768838995,10,9.923248990638033,spooky,sushi,LQDR,FTM
1650768839217,10,9.034236001155215,spooky,sushi,SPIRIT,FTM
1650768839403,10,9.942167178390225,spooky,sushi,ETH,FTM
1650768839607,10,9.961584530059929,spooky,sushi,ETH,WBTC
1650768839845,10,9.98490261,spooky,sushi,WBTC,FTM
1650768840065,10,9.93799066,spooky,sushi,WBTC,ETH
1650768840322,10,9.964155520140432,spooky,sushi,ICE,FTM
1650768840535,10,9.981614615825631,spooky,solid,FTM,LQDR
1650768840762,10,9.72749879324126,spooky,solid,FTM,MIM
1650768840952,10,9.959820369228527,spooky,solid,FTM,TOMB
1650768841151,10,9.332429957562193,spooky,solid,FTM,SPIRIT
1650768841415,10,9.773651544453768,spooky,solid,FTM,BOO
1650768841611,10,10.001983950738088,spooky,solid,FTM,ETH
1650768841830,10,9.695080359455213,spooky,solid,FTM,WBTC
1650768842073,10,9.97515474102977,spooky,solid,LQDR,FTM
1650768842293,10,9.852387296391408,spooky,solid,MIM,FTM
1650768842544,10,9.998029966005188,spooky,solid,TOMB,FTM
1650768842737,10,9.314452449670657,spooky,solid,SPIRIT,FTM
1650768842935,10,9.913955450434088,spooky,solid,BOO,FTM
1650768843182,10,9.942236519133743,spooky,solid,ETH,FTM
1650768843445,10,9.73157808,spooky,solid,WBTC,FTM
1650768843691,10,9.862144751423903,spooky,tomb,FTM,TOMB
1650768843898,10,9.998516734251705,spooky,tomb,TOMB,FTM
1650768844146,10,9.922764902673887,spirit,spooky,FTM,DAI
1650768844387,10,9.9482994518493,spirit,spooky,FTM,LQDR
1650768844632,10,9.953477713125677,spirit,spooky,FTM,MIM
1650768844848,10,9.87995971269518,spirit,spooky,FTM,TOMB
1650768845106,10,9.411301586237705,spirit,spooky,FTM,SPIRIT
1650768845308,10,9.940391117217999,spirit,spooky,FTM,FANG
1650768845520,10,9.91460879379088,spirit,spooky,FTM,ETH
1650768845762,10,9.987982577460516,spirit,spooky,FTM,WBTC
1650768845940,10,9.901099352601019,spirit,spooky,FTM,ICE
1650768846181,10,9.931386041265847,spirit,spooky,FTM,ANY
1650768846403,10,9.975916626784228,spirit,spooky,DAI,FTM
1650768846651,10,9.951194013992756,spirit,spooky,LQDR,FTM
1650768846867,10,9.94648900329917,spirit,spooky,MIM,FTM
1650768847075,10,9.929745413636335,spirit,spooky,TOMB,FTM
1650768847293,10,9.471890440782655,spirit,spooky,SPIRIT,FTM
1650768847538,10,9.837597004643998,spirit,spooky,FANG,FTM
1650768847747,10,9.985580987792765,spirit,spooky,ETH,FTM
1650768847941,10,9.91188314,spirit,spooky,WBTC,FTM
1650768848178,10,9.997907306754946,spirit,spooky,ICE,FTM
1650768848405,10,9.964190615668468,spirit,spooky,ANY,FTM
1650768848596,10,9.938633419155003,spirit,spirit,FTM,DAI
1650768848816,10,9.940057889104668,spirit,spirit,FTM,LQDR
1650768849009,10,9.939980414326804,spirit,spirit,FTM,MIM
1650768849211,10,9.849663559838861,spirit,spirit,FTM,TOMB
1650768849439,10,9.940053154286725,spirit,spirit,FTM,SPIRIT
1650768849700,10,9.939377051268343,spirit,spirit,FTM,FANG
1650768849911,10,9.940043840837944,spirit,spirit,FTM,ETH
1650768850138,10,9.939766028817484,spirit,spirit,FTM,WBTC
1650768850382,10,9.939407575506978,spirit,spirit,FTM,ICE
1650768850578,10,9.93560645749392,spirit,spirit,FTM,ANY
1650768850802,10,9.938578047299444,spirit,spirit,DAI,FTM
1650768850994,10,9.023545782838768,spirit,spirit,DAI,MIM
1650768851199,10,9.932262384066668,spirit,spirit,DAI,SPIRIT
1650768851406,10,9.940060672314349,spirit,spirit,LQDR,FTM
1650768851626,10,9.524394430610782,spirit,spirit,LQDR,MIM
1650768851838,10,9.939027994234278,spirit,spirit,LQDR,SPIRIT
1650768852060,10,9.93997624974275,spirit,spirit,MIM,FTM
1650768852259,10,9.024573251671791,spirit,spirit,MIM,DAI
1650768852476,10,9.470923300190567,spirit,spirit,MIM,LQDR
1650768852675,10,9.850836608274864,spirit,spirit,TOMB,FTM
1650768852898,10,9.940057760103736,spirit,spirit,SPIRIT,FTM
1650768853108,10,9.933490722872175,spirit,spirit,SPIRIT,DAI
1650768853337,10,9.939071334022822,spirit,spirit,SPIRIT,LQDR
1650768853553,10,9.939417387122809,spirit,spirit,FANG,FTM
1650768853762,10,9.9400437654633,spirit,spirit,ETH,FTM
1650768853955,10,9.939622380000001,spirit,spirit,WBTC,FTM
1650768854174,10,9.939367504112825,spirit,spirit,ICE,FTM
1650768854414,10,9.93599853333161,spirit,spirit,ANY,FTM
1650768854618,10,9.932699082000216,spirit,sushi,FTM,DAI
1650768854868,10,9.958130848504611,spirit,sushi,FTM,LQDR
1650768855077,10,9.549346372374469,spirit,sushi,FTM,SPIRIT
1650768855345,10,9.912243851846446,spirit,sushi,FTM,ETH
1650768855555,10,9.88974355297664,spirit,sushi,FTM,WBTC
1650768855744,10,9.877041201304403,spirit,sushi,FTM,ICE
1650768855935,10,9.931830194642087,spirit,sushi,DAI,FTM
1650768856146,10,9.915006268035274,spirit,sushi,LQDR,FTM
1650768856388,10,9.460220530627787,spirit,sushi,SPIRIT,FTM
1650768856634,10,9.96767246197079,spirit,sushi,ETH,FTM
1650768856818,10,9.936766870000001,spirit,sushi,WBTC,FTM
1650768857003,10,10.002705671006085,spirit,sushi,ICE,FTM
1650768857231,10,9.970474162540592,spirit,solid,FTM,LQDR
1650768857409,10,9.721248642743085,spirit,solid,FTM,MIM
1650768857615,10,9.879746668286598,spirit,solid,FTM,TOMB
1650768857808,10,9.853210143566692,spirit,solid,FTM,SPIRIT
1650768858030,10,9.956403516151363,spirit,solid,FTM,ETH
1650768858219,10,9.72181007770787,spirit,solid,FTM,WBTC
1650768858435,10,9.966866348438593,spirit,solid,LQDR,FTM
1650768858638,10,9.839284263439708,spirit,solid,MIM,FTM
1650768858887,10,9.967624166760455,spirit,solid,TOMB,FTM
1650768859126,10,9.765516881141759,spirit,solid,SPIRIT,FTM
1650768859389,10,9.967724641931078,spirit,solid,ETH,FTM
1650768859594,10,9.68588992,spirit,solid,WBTC,FTM
1650768859795,10,9.785816266194598,spirit,tomb,FTM,TOMB
1650768859981,10,9.965093362014311,spirit,tomb,TOMB,FTM
1650768860245,10,9.916244677282306,sushi,spooky,FTM,DAI
1650768860448,10,9.922896572387302,sushi,spooky,FTM,LQDR
1650768860659,10,8.929954520957589,sushi,spooky,FTM,SPIRIT
1650768860852,10,9.942166606925731,sushi,spooky,FTM,ETH
1650768861043,10,9.985120928919244,sushi,spooky,FTM,WBTC
1650768861239,10,9.964176096885494,sushi,spooky,FTM,ICE
1650768861445,10,9.969702735953677,sushi,spooky,DAI,FTM
1650768861689,10,9.969596212946986,sushi,spooky,LQDR,FTM
1650768861866,10,9.16676126708027,sushi,spooky,SPIRIT,FTM
1650768862059,10,9.95765307927364,sushi,spooky,ETH,FTM
1650768862289,10,9.937781887279042,sushi,spooky,ETH,WBTC
1650768862491,10,9.861707749999999,sushi,spooky,WBTC,FTM
1650768862713,10,9.9616506,sushi,spooky,WBTC,ETH
1650768862920,10,9.935193242223193,sushi,spooky,ICE,FTM
1650768863111,10,9.932103237188823,sushi,spirit,FTM,DAI
1650768863309,10,9.914675302735915,sushi,spirit,FTM,LQDR
1650768863517,10,9.404026970471989,sushi,spirit,FTM,SPIRIT
1650768863711,10,9.967672301390197,sushi,spirit,FTM,ETH
1650768863947,10,9.936918203754377,sushi,spirit,FTM,WBTC
1650768864170,10,10.002728185336615,sushi,spirit,FTM,ICE
1650768864383,10,9.932387877311765,sushi,spirit,DAI,FTM
1650768864600,10,9.958442782426333,sushi,spirit,LQDR,FTM
1650768864784,10,9.604295191658194,sushi,spirit,SPIRIT,FTM
1650768865026,10,9.91224326628379,sushi,spirit,ETH,FTM
1650768865230,10,9.889854920000001,sushi,spirit,WBTC,FTM
1650768865419,10,9.87702082259007,sushi,spirit,ICE,FTM
1650768865711,10,9.926176882903743,sushi,sushi,FTM,DAI
1650768865923,10,9.93271149443124,sushi,sushi,FTM,LQDR
1650768866169,10,9.057223112617631,sushi,sushi,FTM,SPIRIT
1650768866386,10,9.939794697442313,sushi,sushi,FTM,ETH
1650768866600,10,9.886917613609596,sushi,sushi,FTM,WBTC
1650768866826,10,9.939966275521778,sushi,sushi,FTM,ICE
1650768867034,10,9.925648245328082,sushi,sushi,DAI,FTM
1650768867231,10,9.939489910411979,sushi,sushi,DAI,ETH
1650768867397,10,9.933335852108144,sushi,sushi,LQDR,FTM
1650768867589,10,9.153293750461186,sushi,sushi,SPIRIT,FTM
1650768867826,10,9.939795038784055,sushi,sushi,ETH,FTM
1650768868095,10,9.9395105726816,sushi,sushi,ETH,DAI
1650768868310,10,9.93954493382384,sushi,sushi,ETH,WBTC
1650768868508,10,9.88699941,sushi,sushi,WBTC,FTM
1650768868693,10,9.939622380000001,sushi,sushi,WBTC,ETH
1650768868858,10,9.939959835655536,sushi,sushi,ICE,FTM
1650768869020,10,9.945014710743758,sushi,solid,FTM,LQDR
1650768869228,10,9.330478103135789,sushi,solid,FTM,SPIRIT
1650768869443,10,9.984058278192807,sushi,solid,FTM,ETH
1650768869695,10,9.719098550258076,sushi,solid,FTM,WBTC
1650768869884,10,9.98529749598555,sushi,solid,LQDR,FTM
1650768870093,10,9.440409323734691,sushi,solid,SPIRIT,FTM
1650768870280,10,9.939865971073123,sushi,solid,ETH,FTM
1650768870462,10,9.63816211,sushi,solid,WBTC,FTM
1650768870690,10,9.97509816871675,solid,spooky,FTM,LQDR
1650768870894,10,9.859078129358847,solid,spooky,FTM,MIM
1650768871102,10,9.99870705344522,solid,spooky,FTM,TOMB
1650768871341,10,9.235786925290704,solid,spooky,FTM,SPIRIT
1650768871555,10,9.914592732635981,solid,spooky,FTM,BOO
1650768871774,10,9.942209352249805,solid,spooky,FTM,ETH
1650768871992,10,9.73206942898117,solid,spooky,FTM,WBTC
1650768872205,10,9.981670028019813,solid,spooky,LQDR,FTM
1650768872396,10,9.720204839738077,solid,spooky,MIM,FTM
1650768872615,10,9.959145539862563,solid,spooky,TOMB,FTM
1650768872833,10,9.41184035311248,solid,spooky,SPIRIT,FTM
1650768873017,10,9.772496630473652,solid,spooky,BOO,FTM
1650768873209,10,10.00198347776662,solid,spooky,ETH,FTM
1650768873407,10,9.693640590000001,solid,spooky,WBTC,FTM
1650768873584,10,9.96683520198563,solid,spirit,FTM,LQDR
1650768873770,10,9.845709157953907,solid,spirit,FTM,MIM
1650768874013,10,9.972659105624068,solid,spirit,FTM,TOMB
1650768874225,10,9.744236172022774,solid,spirit,FTM,SPIRIT
1650768874402,10,9.96771515629629,solid,spirit,FTM,ETH
1650768874582,10,9.685089073892641,solid,spirit,FTM,WBTC
1650768874820,10,9.970503418067024,solid,spirit,LQDR,FTM
1650768874979,10,9.71384103351312,solid,spirit,MIM,FTM
1650768875197,10,9.874763014693494,solid,spirit,TOMB,FTM
1650768875380,10,9.87389304011116,solid,spirit,SPIRIT,FTM
1650768875585,10,9.956371425843383,solid,spirit,ETH,FTM
1650768875753,10,9.7209719,solid,spirit,WBTC,FTM
1650768876000,10,9.984946897353382,solid,sushi,FTM,LQDR
1650768876198,10,9.369855595633718,solid,sushi,FTM,SPIRIT
1650768876383,10,9.939837431957239,solid,sushi,FTM,ETH
1650768876565,10,9.637006729490045,solid,sushi,FTM,WBTC
1650768876792,10,9.945362012616753,solid,sushi,LQDR,FTM
1650768876955,10,9.39980514993998,solid,sushi,SPIRIT,FTM
1650768877137,10,9.984045300091363,solid,sushi,ETH,FTM
1650768877306,10,9.71852432,solid,sushi,WBTC,FTM
1650768877505,10,9.997332559998911,solid,solid,FTM,LQDR
1650768877696,10,9.630744598650354,solid,solid,FTM,MIM
1650768877902,10,9.99781154811681,solid,solid,FTM,TOMB
1650768878118,10,9.662361568899199,solid,solid,FTM,SPIRIT
1650768878345,10,9.729470142964786,solid,solid,FTM,BOO
1650768878528,10,9.98410117381303,solid,solid,FTM,ETH
1650768878717,10,9.479158474803214,solid,solid,FTM,WBTC
1650768878965,10,9.99739030437127,solid,solid,LQDR,FTM
1650768879164,10,9.619673522185375,solid,solid,MIM,FTM
1650768879367,10,9.997814934270004,solid,solid,TOMB,FTM
1650768879570,10,9.701477752490543,solid,solid,SPIRIT,FTM
1650768879812,10,9.72998591388704,solid,solid,BOO,FTM
1650768880096,10,9.984086417143129,solid,solid,ETH,FTM
1650768880282,10,9.47825355,solid,solid,WBTC,FTM
1650768880483,10,9.90804844559623,solid,tomb,FTM,TOMB
1650768880697,10,9.989941482987101,solid,tomb,TOMB,FTM
1650768880901,10,9.990294661391141,tomb,spooky,FTM,TOMB
1650768881088,10,9.870256327355634,tomb,spooky,TOMB,FTM
1650768881306,10,9.96430717812837,tomb,spirit,FTM,TOMB
1650768881504,10,9.787024448380592,tomb,spirit,TOMB,FTM
1650768881715,10,9.989939852806767,tomb,solid,FTM,TOMB
1650768881914,10,9.908050979562583,tomb,solid,TOMB,FTM
1650768882124,10,9.900247349314556,tomb,tomb,FTM,TOMB
1650768882329,10,9.900247407571209,tomb,tomb,TOMB,FTM
1650768968335,10,9.960018945394877,spooky,spooky,FTM,DAI
1650768968558,10,9.959415150501355,spooky,spooky,FTM,LQDR
1650768968798,10,9.959998112493711,spooky,spooky,FTM,MIM
1650768968989,10,9.960035872569268,spooky,spooky,FTM,TOMB
1650768969166,10,8.931755450701004,spooky,spooky,FTM,SPIRIT
1650768969404,10,9.960029250387564,spooky,spooky,FTM,BOO
1650768969589,10,9.835559094177714,spooky,spooky,FTM,FANG
1650768969779,10,9.960029494372717,spooky,spooky,FTM,ETH
1650768969951,10,9.95977489889944,spooky,spooky,FTM,WBTC
1650768970117,10,9.959410411027756,spooky,spooky,FTM,ICE
1650768970319,10,9.959755303068912,spooky,spooky,FTM,ANY
1650768970515,10,9.96001820284794,spooky,spooky,DAI,FTM
1650768970734,10,9.959469388534915,spooky,spooky,LQDR,FTM
1650768970916,10,9.959996505365709,spooky,spooky,MIM,FTM
1650768971087,10,9.24207289243671,spooky,spooky,MIM,TOMB
1650768971275,10,9.960035942900866,spooky,spooky,TOMB,FTM
1650768971463,10,9.277380695342112,spooky,spooky,TOMB,MIM
1650768971642,10,9.864285330759204,spooky,spooky,TOMB,BOO
1650768971824,10,9.048361802460672,spooky,spooky,SPIRIT,FTM
1650768971995,10,9.96002919375594,spooky,spooky,BOO,FTM
1650768972178,10,9.862637912081905,spooky,spooky,BOO,TOMB
1650768972375,10,9.84189114797972,spooky,spooky,FANG,FTM
1650768972577,10,9.960029514679556,spooky,spooky,ETH,FTM
1650768972755,10,9.95981776371395,spooky,spooky,ETH,WBTC
1650768972961,10,9.95961095,spooky,spooky,WBTC,FTM
1650768973151,10,9.95961095,spooky,spooky,WBTC,ETH
1650768973334,10,9.959376677928825,spooky,spooky,ICE,FTM
1650768973518,10,9.876079432435102,spooky,spooky,ICE,ANY
1650768973714,10,9.959780397867863,spooky,spooky,ANY,FTM
1650768973887,10,9.88730525935768,spooky,spooky,ANY,ICE
1650768974105,10,9.975478035112225,spooky,spirit,FTM,DAI
1650768974310,10,9.951164709190031,spooky,spirit,FTM,LQDR
1650768974533,10,9.946491949597727,spooky,spirit,FTM,MIM
1650768974749,10,9.94423528461419,spooky,spirit,FTM,TOMB
1650768974980,10,9.405913696847431,spooky,spirit,FTM,SPIRIT
1650768975208,10,9.833900974339556,spooky,spirit,FTM,FANG
1650768975403,10,9.985580982122856,spooky,spirit,FTM,ETH
1650768975607,10,9.911694610030798,spooky,spirit,FTM,WBTC
1650768975853,10,9.997944074598779,spooky,spirit,FTM,ICE
1650768976032,10,9.954918295555714,spooky,spirit,FTM,ANY
1650768976220,10,9.923204149660169,spooky,spirit,DAI,FTM
1650768976444,10,9.94832701277898,spooky,spirit,LQDR,FTM
1650768976660,10,9.953474859597563,spooky,spirit,MIM,FTM
1650768976854,10,9.865739827323516,spooky,spirit,TOMB,FTM
1650768977010,10,9.474414950824645,spooky,spirit,SPIRIT,FTM
1650768977197,10,9.943781688140625,spooky,spirit,FANG,FTM
1650768977417,10,9.914608860213265,spooky,spirit,ETH,FTM
1650768977611,10,9.98816605,spooky,spirit,WBTC,FTM
1650768977850,10,9.901062590447658,spooky,spirit,ICE,FTM
1650768978056,10,9.940644061239475,spooky,spirit,ANY,FTM
1650768978279,10,9.969796247909079,spooky,sushi,FTM,DAI
1650768978498,10,9.969253742164092,spooky,sushi,FTM,LQDR
1650768978754,10,9.059063608559791,spooky,sushi,FTM,SPIRIT
1650768978984,10,9.957653067385374,spooky,sushi,FTM,ETH
1650768979168,10,9.861887676122105,spooky,sushi,FTM,WBTC
1650768979327,10,9.935212048203464,spooky,sushi,FTM,ICE
1650768979545,10,9.91618061160562,spooky,sushi,DAI,FTM
1650768979761,10,9.923248990638033,spooky,sushi,LQDR,FTM
1650768979957,10,9.034236001155215,spooky,sushi,SPIRIT,FTM
1650768980118,10,9.942167178390225,spooky,sushi,ETH,FTM
1650768980335,10,9.961584530059929,spooky,sushi,ETH,WBTC
1650768980529,10,9.98490261,spooky,sushi,WBTC,FTM
1650768980702,10,9.93799066,spooky,sushi,WBTC,ETH
1650768980914,10,9.964155520140432,spooky,sushi,ICE,FTM
1650768981129,10,9.981614615825631,spooky,solid,FTM,LQDR
1650768981313,10,9.72749879324126,spooky,solid,FTM,MIM
1650768981517,10,9.971230895260135,spooky,solid,FTM,TOMB
1650768981708,10,9.332429957562193,spooky,solid,FTM,SPIRIT
1650768981907,10,9.773482664654498,spooky,solid,FTM,BOO
1650768982118,10,10.001983950738088,spooky,solid,FTM,ETH
1650768982301,10,9.695080359455213,spooky,solid,FTM,WBTC
1650768982469,10,9.97515474102977,spooky,solid,LQDR,FTM
1650768982694,10,9.852387296391408,spooky,solid,MIM,FTM
1650768982860,10,9.986272920840575,spooky,solid,TOMB,FTM
1650768983034,10,9.314452449670657,spooky,solid,SPIRIT,FTM
1650768983213,10,9.914126728530293,spooky,solid,BOO,FTM
1650768983430,10,9.942236519133743,spooky,solid,ETH,FTM
1650768983603,10,9.73157808,spooky,solid,WBTC,FTM
1650768983758,10,9.878765858098147,spooky,tomb,FTM,TOMB
1650768983933,10,9.981378448030819,spooky,tomb,TOMB,FTM
1650768984137,10,9.92322875335105,spirit,spooky,FTM,DAI
1650768984305,10,9.9482994518493,spirit,spooky,FTM,LQDR
1650768984505,10,9.953477713125677,spirit,spooky,FTM,MIM
1650768984662,10,9.864569731613978,spirit,spooky,FTM,TOMB
1650768984831,10,9.411408438550467,spirit,spooky,FTM,SPIRIT
1650768985008,10,9.940391117217999,spirit,spooky,FTM,FANG
1650768985182,10,9.91460879379088,spirit,spooky,FTM,ETH
1650768985373,10,9.988010902578766,spirit,spooky,FTM,WBTC
1650768985691,10,9.901099352601019,spirit,spooky,FTM,ICE
1650768985859,10,9.940430005027206,spirit,spooky,FTM,ANY
1650768986044,10,9.9754503137353,spirit,spooky,DAI,FTM
1650768986235,10,9.951194013992756,spirit,spooky,LQDR,FTM
1650768986465,10,9.94648900329917,spirit,spooky,MIM,FTM
1650768986642,10,9.945237077068892,spirit,spooky,TOMB,FTM
1650768986807,10,9.471782165216997,spirit,spooky,SPIRIT,FTM
1650768986984,10,9.837597004643998,spirit,spooky,FANG,FTM
1650768987181,10,9.985580987792765,spirit,spooky,ETH,FTM
1650768987374,10,9.91188314,spirit,spooky,WBTC,FTM
1650768987552,10,9.997907306754946,spirit,spooky,ICE,FTM
1650768987749,10,9.95512503094413,spirit,spooky,ANY,FTM
1650768987946,10,9.938633397429648,spirit,spirit,FTM,DAI
1650768988159,10,9.940057889104668,spirit,spirit,FTM,LQDR
1650768988362,10,9.939980414326804,spirit,spirit,FTM,MIM
1650768988527,10,9.849663559838861,spirit,spirit,FTM,TOMB
1650768988687,10,9.940053154065874,spirit,spirit,FTM,SPIRIT
1650768988856,10,9.939377051268343,spirit,spirit,FTM,FANG
1650768989025,10,9.940043840837944,spirit,spirit,FTM,ETH
1650768989191,10,9.939822926555719,spirit,spirit,FTM,WBTC
1650768989351,10,9.939407575506978,spirit,spirit,FTM,ICE
1650768989520,10,9.93560645749392,spirit,spirit,FTM,ANY
1650768989744,10,9.938578069918082,spirit,spirit,DAI,FTM
1650768989905,10,9.023545782838768,spirit,spirit,DAI,MIM
1650768990151,10,9.932262384066668,spirit,spirit,DAI,SPIRIT
1650768990352,10,9.940060672314349,spirit,spirit,LQDR,FTM
1650768990533,10,9.524394430610782,spirit,spirit,LQDR,MIM
1650768990695,10,9.939027994234278,spirit,spirit,LQDR,SPIRIT
1650768990850,10,9.93997624974275,spirit,spirit,MIM,FTM
1650768991055,10,9.024573251671791,spirit,spirit,MIM,DAI
1650768991236,10,9.470923300190567,spirit,spirit,MIM,LQDR
1650768991401,10,9.850836608274864,spirit,spirit,TOMB,FTM
1650768991560,10,9.94005776029756,spirit,spirit,SPIRIT,FTM
1650768991714,10,9.933490722872175,spirit,spirit,SPIRIT,DAI
1650768991888,10,9.939071334022822,spirit,spirit,SPIRIT,LQDR
1650768992083,10,9.939417387122809,spirit,spirit,FANG,FTM
1650768992275,10,9.9400437654633,spirit,spirit,ETH,FTM
1650768992492,10,9.939622380000001,spirit,spirit,WBTC,FTM
1650768992674,10,9.939367504112825,spirit,spirit,ICE,FTM
1650768992995,10,9.93599853333161,spirit,spirit,ANY,FTM
1650768993198,10,9.932995653676857,spirit,sushi,FTM,DAI
1650768993399,10,9.958130848504611,spirit,sushi,FTM,LQDR
1650768993596,10,9.549455661680065,spirit,sushi,FTM,SPIRIT
1650768993821,10,9.912243851846446,spirit,sushi,FTM,ETH
1650768993990,10,9.88974355297664,spirit,sushi,FTM,WBTC
1650768994166,10,9.877041201304403,spirit,sushi,FTM,ICE
1650768994343,10,9.93153366607992,spirit,sushi,DAI,FTM
1650768994522,10,9.915006268035274,spirit,sushi,LQDR,FTM
1650768994741,10,9.460111591325226,spirit,sushi,SPIRIT,FTM
1650768994925,10,9.96767246197079,spirit,sushi,ETH,FTM
1650768995115,10,9.936766870000001,spirit,sushi,WBTC,FTM
1650768995275,10,10.002705671006085,spirit,sushi,ICE,FTM
1650768995459,10,9.970474162540592,spirit,solid,FTM,LQDR
1650768995655,10,9.721248642743085,spirit,solid,FTM,MIM
1650768995846,10,9.876484370584087,spirit,solid,FTM,TOMB
1650768996004,10,9.853326416416436,spirit,solid,FTM,SPIRIT
1650768996168,10,9.956403516151363,spirit,solid,FTM,ETH
1650768996362,10,9.72181007770787,spirit,solid,FTM,WBTC
1650768996515,10,9.966866348438593,spirit,solid,LQDR,FTM
1650768996692,10,9.839284263439708,spirit,solid,MIM,FTM
1650768996845,10,9.970916568944128,spirit,solid,TOMB,FTM
1650768997034,10,9.765401387709844,spirit,solid,SPIRIT,FTM
1650768997215,10,9.967724641931078,spirit,solid,ETH,FTM
1650768997415,10,9.68588992,spirit,solid,WBTC,FTM
1650768997607,10,9.784100966338098,spirit,tomb,FTM,TOMB
1650768997797,10,9.96684039283949,spirit,tomb,TOMB,FTM
1650768997969,10,9.916886636520614,sushi,spooky,FTM,DAI
1650768998158,10,9.922896572387302,sushi,spooky,FTM,LQDR
1650768998346,10,8.929954520957589,sushi,spooky,FTM,SPIRIT
1650768998521,10,9.942166606925731,sushi,spooky,FTM,ETH
1650768998710,10,9.98514924592209,sushi,spooky,FTM,WBTC
1650768998917,10,9.964176096885494,sushi,spooky,FTM,ICE
1650768999091,10,9.969057357735855,sushi,spooky,DAI,FTM
1650768999286,10,9.969596212946986,sushi,spooky,LQDR,FTM
1650768999458,10,9.16676126708027,sushi,spooky,SPIRIT,FTM
1650768999666,10,9.95765307927364,sushi,spooky,ETH,FTM
1650768999893,10,9.937781887279042,sushi,spooky,ETH,WBTC
1650769000085,10,9.861707749999999,sushi,spooky,WBTC,FTM
1650769000296,10,9.9616506,sushi,spooky,WBTC,ETH
1650769000512,10,9.935193242223193,sushi,spooky,ICE,FTM
1650769000708,10,9.931806484643033,sushi,spirit,FTM,DAI
1650769000909,10,9.914675302735915,sushi,spirit,FTM,LQDR
1650769001100,10,9.403914067063287,sushi,spirit,FTM,SPIRIT
1650769001257,10,9.967672301390197,sushi,spirit,FTM,ETH
1650769001480,10,9.936975085190976,sushi,spirit,FTM,WBTC
1650769001654,10,10.002728185336615,sushi,spirit,FTM,ICE
1650769001812,10,9.932684646849234,sushi,spirit,DAI,FTM
1650769001972,10,9.958442782426333,sushi,spirit,LQDR,FTM
1650769002191,10,9.604410500854055,sushi,spirit,SPIRIT,FTM
1650769002386,10,9.91224326628379,sushi,spirit,ETH,FTM
1650769002585,10,9.88740734,sushi,spirit,WBTC,FTM
1650769002759,10,9.87702082259007,sushi,spirit,ICE,FTM
1650769002945,10,9.926176882903743,sushi,sushi,FTM,DAI
1650769003160,10,9.93271149443124,sushi,sushi,FTM,LQDR
1650769003349,10,9.057223112617631,sushi,sushi,FTM,SPIRIT
1650769003538,10,9.939794697442313,sushi,sushi,FTM,ETH
1650769003712,10,9.886917613609596,sushi,sushi,FTM,WBTC
1650769003907,10,9.939966275521778,sushi,sushi,FTM,ICE
1650769004140,10,9.925648245328082,sushi,sushi,DAI,FTM
1650769004364,10,9.939489910411979,sushi,sushi,DAI,ETH
1650769004580,10,9.933335852108144,sushi,sushi,LQDR,FTM
1650769004775,10,9.153293750461186,sushi,sushi,SPIRIT,FTM
1650769004942,10,9.939795038784055,sushi,sushi,ETH,FTM
1650769005127,10,9.9395105726816,sushi,sushi,ETH,DAI
1650769005315,10,9.93954493382384,sushi,sushi,ETH,WBTC
1650769005505,10,9.88699941,sushi,sushi,WBTC,FTM
1650769005731,10,9.939622380000001,sushi,sushi,WBTC,ETH
1650769005957,10,9.939959835655536,sushi,sushi,ICE,FTM
1650769006179,10,9.945014710743758,sushi,solid,FTM,LQDR
1650769006381,10,9.330478103135789,sushi,solid,FTM,SPIRIT
1650769006546,10,9.984058278192807,sushi,solid,FTM,ETH
1650769006771,10,9.719098550258076,sushi,solid,FTM,WBTC
1650769006981,10,9.98529749598555,sushi,solid,LQDR,FTM
1650769007209,10,9.440409323734691,sushi,solid,SPIRIT,FTM
1650769007424,10,9.939865971073123,sushi,solid,ETH,FTM
1650769007623,10,9.63816211,sushi,solid,WBTC,FTM
1650769007811,10,9.97509816871675,solid,spooky,FTM,LQDR
1650769008023,10,9.859078129358847,solid,spooky,FTM,MIM
1650769008213,10,9.992467083377578,solid,spooky,FTM,TOMB
1650769008428,10,9.235786925290704,solid,spooky,FTM,SPIRIT
1650769008663,10,9.914552960020238,solid,spooky,FTM,BOO
1650769008884,10,9.942209352249805,solid,spooky,FTM,ETH
1650769009079,10,9.7321247572681,solid,spooky,FTM,WBTC
1650769009276,10,9.981670028019813,solid,spooky,LQDR,FTM
1650769009479,10,9.720204839738077,solid,spooky,MIM,FTM
1650769009664,10,9.965364701356428,solid,spooky,TOMB,FTM
1650769009868,10,9.41184035311248,solid,spooky,SPIRIT,FTM
1650769010146,10,9.77253584332108,solid,spooky,BOO,FTM
1650769010376,10,10.00198347776662,solid,spooky,ETH,FTM
1650769010599,10,9.693640590000001,solid,spooky,WBTC,FTM
1650769010821,10,9.96683520198563,solid,spirit,FTM,LQDR
1650769011048,10,9.845709157953907,solid,spirit,FTM,MIM
1650769011246,10,9.97687589822895,solid,spirit,FTM,TOMB
1650769011484,10,9.74411918411455,solid,spirit,FTM,SPIRIT
1650769011672,10,9.96771515629629,solid,spirit,FTM,ETH
1650769011866,10,9.687120810455351,solid,spirit,FTM,WBTC
1650769012092,10,9.970503418067024,solid,spirit,LQDR,FTM
1650769012310,10,9.71384103351312,solid,spirit,MIM,FTM
1650769012513,10,9.870588933272877,solid,spirit,TOMB,FTM
1650769012720,10,9.874011586096968,solid,spirit,SPIRIT,FTM
1650769012910,10,9.956371425843383,solid,spirit,ETH,FTM
1650769013099,10,9.71893225,solid,spirit,WBTC,FTM
1650769013308,10,9.984946897353382,solid,sushi,FTM,LQDR
1650769013525,10,9.369855595633718,solid,sushi,FTM,SPIRIT
1650769013719,10,9.939837431957239,solid,sushi,FTM,ETH
1650769013915,10,9.637006729490045,solid,sushi,FTM,WBTC
1650769014087,10,9.945362012616753,solid,sushi,LQDR,FTM
1650769014300,10,9.39980514993998,solid,sushi,SPIRIT,FTM
1650769014480,10,9.984045300091363,solid,sushi,ETH,FTM
1650769014661,10,9.71852432,solid,sushi,WBTC,FTM
1650769014940,10,9.997332559998911,solid,solid,FTM,LQDR
1650769015126,10,9.630744598650354,solid,solid,FTM,MIM
1650769015295,10,9.99781150576784,solid,solid,FTM,TOMB
1650769015466,10,9.662361568899199,solid,solid,FTM,SPIRIT
1650769015805,10,9.729470142964786,solid,solid,FTM,BOO
1650769016021,10,9.98410117381303,solid,solid,FTM,ETH
1650769016209,10,9.479158474803214,solid,solid,FTM,WBTC
1650769016444,10,9.99739030437127,solid,solid,LQDR,FTM
1650769016635,10,9.619673522185375,solid,solid,MIM,FTM
1650769016814,10,9.997814978587389,solid,solid,TOMB,FTM
1650769016954,10,9.701477752490543,solid,solid,SPIRIT,FTM
1650769017172,10,9.72998591388704,solid,solid,BOO,FTM
1650769017382,10,9.984086417143129,solid,solid,ETH,FTM
1650769017874,10,9.47825355,solid,solid,WBTC,FTM
1650769018035,10,9.91105053929119,solid,tomb,FTM,TOMB
1650769018209,10,9.98720136318045,solid,tomb,TOMB,FTM
1650769018365,10,9.981575391612402,tomb,spooky,FTM,TOMB
1650769018567,10,9.878883404000373,tomb,spooky,TOMB,FTM
1650769018751,10,9.966049685893939,tomb,spirit,FTM,TOMB
1650769018908,10,9.785312999025138,tomb,spirit,TOMB,FTM
1650769019081,10,9.987199716689918,tomb,solid,FTM,TOMB
1650769019259,10,9.910769400451258,tomb,solid,TOMB,FTM
1650769019414,10,9.900247349366712,tomb,tomb,FTM,TOMB
1650769019601,10,9.900247408077572,tomb,tomb,TOMB,FTM
1650772027806,10,9.606184799178376,spooky,spooky,spooky,FTM,MIM,TOMB
1650772028133,10,9.556151058421927,spooky,spooky,spooky,FTM,TOMB,MIM
1650772028500,10,9.869541244209506,spooky,spooky,spooky,FTM,TOMB,BOO
1650772028845,10,9.913352704157505,spooky,spooky,spooky,FTM,BOO,TOMB
1650772029163,10,9.935030776953159,spooky,spooky,spooky,FTM,ETH,WBTC
1650772029483,10,9.944980862536207,spooky,spooky,spooky,FTM,WBTC,ETH
1650772029785,10,9.91755495001093,spooky,spooky,spooky,FTM,ICE,ANY
1650772030104,10,9.882333011990726,spooky,spooky,spooky,FTM,ANY,ICE
1650772030421,10,9.545042554549255,spooky,spooky,spooky,MIM,FTM,TOMB
1650772030715,10,9.593554691024098,spooky,spooky,spooky,MIM,TOMB,FTM
1650772031029,10,9.613008605097205,spooky,spooky,spooky,TOMB,FTM,MIM
1650772031308,10,9.914307208836593,spooky,spooky,spooky,TOMB,FTM,BOO
1650772031602,10,9.561564523042286,spooky,spooky,spooky,TOMB,MIM,FTM
1650772031934,10,9.87029945478643,spooky,spooky,spooky,TOMB,BOO,FTM
1650772032247,10,9.869402085971332,spooky,spooky,spooky,BOO,FTM,TOMB
1650772032552,10,9.91301706692464,spooky,spooky,spooky,BOO,TOMB,FTM
1650772032844,10,9.944905686245331,spooky,spooky,spooky,ETH,FTM,WBTC
1650772033137,10,9.935110836104716,spooky,spooky,spooky,ETH,WBTC,FTM
1650772033444,10,9.934727220000001,spooky,spooky,spooky,WBTC,FTM,ETH
1650772033728,10,9.94492547,spooky,spooky,spooky,WBTC,ETH,FTM
1650772034001,10,9.880275864357136,spooky,spooky,spooky,ICE,FTM,ANY
1650772034326,10,9.91532147173657,spooky,spooky,spooky,ICE,ANY,FTM
1650772034651,10,9.920873359561318,spooky,spooky,spooky,ANY,FTM,ICE
1650772034957,10,9.885488233909363,spooky,spooky,spooky,ANY,ICE,FTM
1650772035298,10,9.598590052506559,spooky,spooky,spooky,FTM,MIM,TOMB
1650772035575,10,9.514723816203846,spooky,spooky,spooky,FTM,TOMB,MIM
1650772035853,10,9.904113490759922,spooky,spooky,spooky,FTM,BOO,TOMB
1650772036148,10,9.915883890369766,spooky,spooky,spooky,FTM,ETH,WBTC
1650772036435,10,9.92918980399683,spooky,spooky,spooky,FTM,WBTC,ETH
1650772036766,10,9.880163252180449,spooky,spooky,spooky,FTM,ICE,ANY
1650772037050,10,9.917174778718927,spooky,spooky,spooky,FTM,ANY,ICE
1650772037405,10,9.413997651382724,spooky,spooky,spooky,DAI,FTM,MIM
1650772037718,10,9.436692076417732,spooky,spooky,spooky,DAI,FTM,SPIRIT
1650772038036,10,9.769565464355086,spooky,spooky,spooky,LQDR,FTM,MIM
1650772038312,10,9.526694841053756,spooky,spooky,spooky,LQDR,FTM,SPIRIT
1650772038660,10,9.489372319919202,spooky,spooky,spooky,MIM,FTM,DAI
1650772039009,10,9.639707127604442,spooky,spooky,spooky,MIM,FTM,LQDR
1650772039314,10,9.615961350342353,spooky,spooky,spooky,MIM,TOMB,FTM
1650772039655,10,9.46673943275145,spooky,spooky,spooky,TOMB,MIM,FTM
1650772040017,10,9.771053422759955,spooky,spooky,spooky,TOMB,BOO,FTM
1650772040337,10,9.384379891119119,spooky,spooky,spooky,SPIRIT,FTM,DAI
1650772040608,10,9.359181032971394,spooky,spooky,spooky,SPIRIT,FTM,LQDR
1650772040940,10,9.93094399052693,spooky,spooky,spooky,ETH,WBTC,FTM
1650772041315,10,9.94410961,spooky,spooky,spooky,WBTC,ETH,FTM
1650772041629,10,9.860638858285721,spooky,spooky,spooky,ICE,ANY,FTM
1650772041977,10,9.899048891514182,spooky,spooky,spooky,ANY,ICE,FTM
1650772042314,10,9.85340971714246,spooky,spooky,spooky,FTM,ETH,WBTC
1650772042606,10,9.92209865744816,spooky,spooky,spooky,FTM,WBTC,ETH
1650772042931,10,9.859610911224056,spooky,spooky,spooky,FTM,ANY,ICE
1651063627971,10,9.10656473109928,spooky,spooky,spooky,LQDR,FTM,SPIRIT
1651063628439,10,9.502909277807872,spooky,spooky,spooky,SPIRIT,FTM,LQDR
1651063628763,10,9.503739749848389,spooky,spirit,spirit,FTM,LQDR,SPIRIT
1651063629206,10,9.108089876506684,spooky,spirit,spirit,FTM,SPIRIT,LQDR
1651063629552,10,9.905227774465544,spooky,spirit,spirit,FTM,LQDR,SPIRIT
1651063629863,10,9.087316726596113,spooky,spirit,spirit,FTM,SPIRIT,LQDR
1651063630131,10,9.933068764032049,spooky,spirit,spirit,LQDR,FTM,SPIRIT
1651063630461,10,9.506152024556215,spooky,spirit,spirit,SPIRIT,FTM,LQDR
1651063630871,10,9.757828903851772,spooky,spirit,spirit,FTM,LQDR,SPIRIT
1651063631171,10,9.144298227076483,spooky,spirit,spirit,FTM,SPIRIT,LQDR
1651063631473,10,9.742112770045077,spooky,solid,solid,LQDR,FTM,SPIRIT
1651063631797,10,9.501284683246878,spooky,solid,solid,SPIRIT,FTM,LQDR
1651063632136,10,9.499698619431191,spirit,spooky,spooky,LQDR,SPIRIT,FTM
1651063632483,10,9.112983033279146,spirit,spooky,spooky,SPIRIT,LQDR,FTM
1651063632873,10,9.087121015161998,spirit,spooky,spooky,LQDR,FTM,SPIRIT
1651063633258,10,9.502941986737834,spirit,spooky,spooky,LQDR,SPIRIT,FTM
1651063633550,10,9.905120157322933,spirit,spooky,spooky,SPIRIT,FTM,LQDR
1651063633921,10,9.933192620057442,spirit,spooky,spooky,SPIRIT,LQDR,FTM
1651063634270,10,9.49807428956769,spirit,spooky,spooky,LQDR,SPIRIT,FTM
1651063634647,10,9.74431125784816,spirit,spooky,spooky,SPIRIT,LQDR,FTM
1651063635035,10,9.506791369870278,spirit,spirit,spirit,FTM,LQDR,SPIRIT
1651063635432,10,9.933190270573249,spirit,spirit,spirit,FTM,SPIRIT,LQDR
1651063635823,10,9.905107965901356,spirit,spirit,spirit,LQDR,SPIRIT,FTM
1651063636151,10,9.09350730503539,spirit,spirit,spirit,SPIRIT,LQDR,FTM
1651063636576,10,9.90850789200834,spirit,spirit,spirit,FTM,LQDR,SPIRIT
1651063636912,10,9.910562919113525,spirit,spirit,spirit,FTM,SPIRIT,LQDR
1651063637306,10,9.910562499427066,spirit,spirit,spirit,LQDR,FTM,SPIRIT
1651063637630,10,9.908503385027641,spirit,spirit,spirit,LQDR,SPIRIT,FTM
1651063638000,10,9.908513603324923,spirit,spirit,spirit,SPIRIT,FTM,LQDR
1651063638392,10,9.9105646257042,spirit,spirit,spirit,SPIRIT,LQDR,FTM
1651063638786,10,9.7611081340745,spirit,spirit,spirit,FTM,LQDR,SPIRIT
1651063639134,10,9.972675398455612,spirit,spirit,spirit,FTM,SPIRIT,LQDR
1651063639446,10,9.903412716180426,spirit,spirit,spirit,LQDR,SPIRIT,FTM
1651063639807,10,9.72255103085364,spirit,spirit,spirit,SPIRIT,LQDR,FTM
1651063640168,10,9.756529854567038,spirit,solid,solid,LQDR,SPIRIT,FTM
1651063640543,10,9.146954396426315,spirit,solid,solid,SPIRIT,LQDR,FTM
1651063640907,10,9.720367513654274,spirit,solid,solid,LQDR,FTM,SPIRIT
1651063641287,10,9.759869418755919,spirit,solid,solid,LQDR,SPIRIT,FTM
1651063641640,10,9.903425227533207,spirit,solid,solid,SPIRIT,FTM,LQDR
1651063641995,10,9.972677754758141,spirit,solid,solid,SPIRIT,LQDR,FTM
1651063642382,10,9.754860611405276,spirit,solid,solid,LQDR,SPIRIT,FTM
1651063642666,10,9.782277476253194,spirit,solid,solid,SPIRIT,LQDR,FTM
1651063643058,10,9.140485409495414,solid,spooky,spooky,LQDR,FTM,SPIRIT
1651063643423,10,9.757570310354591,solid,spooky,spooky,SPIRIT,FTM,LQDR
1651063643749,10,9.509629834314453,solid,spirit,spirit,FTM,LQDR,SPIRIT
1651063644082,10,9.74263394453238,solid,spirit,spirit,FTM,SPIRIT,LQDR
1651063644440,10,9.911666927649087,solid,spirit,spirit,FTM,LQDR,SPIRIT
1651063644736,10,9.720434411832045,solid,spirit,spirit,FTM,SPIRIT,LQDR
1651063645096,10,9.972666948820407,solid,spirit,spirit,LQDR,FTM,SPIRIT
1651063645425,10,9.76090834593124,solid,spirit,spirit,SPIRIT,FTM,LQDR
1651063645744,10,9.764158398227607,solid,spirit,spirit,FTM,LQDR,SPIRIT
1651063646107,10,9.773219828933891,solid,spirit,spirit,FTM,SPIRIT,LQDR
1651063646500,10,9.772080995356983,solid,solid,solid,LQDR,FTM,SPIRIT
1651063646822,10,9.764028735652294,solid,solid,solid,SPIRIT,FTM,LQDR
1651066028144,10,9.959322609757269,spooky,spooky,FTM,LQDR
1651066028447,10,8.776903900431243,spooky,spooky,FTM,SPIRIT
1651066028716,10,9.959322691774954,spooky,spooky,LQDR,FTM
1651066029015,10,8.754842193846303,spooky,spooky,SPIRIT,FTM
1651066029261,10,9.93771507765997,spooky,spirit,FTM,LQDR
1651066029539,10,9.11504520122336,spooky,spirit,FTM,SPIRIT
1651066029782,10,9.961663829204065,spooky,spirit,LQDR,FTM
1651066030015,10,9.519171485866968,spooky,spirit,SPIRIT,FTM
1651066030243,10,9.99812403670758,spooky,solid,FTM,LQDR
1651066030518,10,8.984273705370311,spooky,solid,FTM,SPIRIT
1651066030742,10,9.958400663667375,spooky,solid,LQDR,FTM
1651066030996,10,9.35093146237785,spooky,solid,SPIRIT,FTM
1651066031298,10,9.961664393889135,spirit,spooky,FTM,LQDR
1651066031563,10,9.520174761261323,spirit,spooky,FTM,SPIRIT
1651066031813,10,9.937716586888206,spirit,spooky,LQDR,FTM
1651066032073,10,9.117559481115212,spirit,spooky,SPIRIT,FTM
1651066032332,10,9.940051860722308,spirit,spirit,FTM,LQDR
1651066032566,10,9.940046439114612,spirit,spirit,FTM,SPIRIT
1651066032891,10,9.940051910950274,spirit,spirit,LQDR,FTM
1651066033128,10,9.938680768071286,spirit,spirit,LQDR,SPIRIT
1651066033323,10,9.94004649870212,spirit,spirit,SPIRIT,FTM
1651066033578,10,9.93868143606453,spirit,spirit,SPIRIT,LQDR
1651066033865,10,10.000474934722254,spirit,solid,FTM,LQDR
1651066034082,10,9.781071011451143,spirit,solid,FTM,SPIRIT
1651066034265,10,9.936796646130091,spirit,solid,LQDR,FTM
1651066034495,10,9.756067927424708,spirit,solid,SPIRIT,FTM
1651066034713,10,9.958400528166285,solid,spooky,FTM,LQDR
1651066034907,10,9.354340065676666,solid,spooky,FTM,SPIRIT
1651066035107,10,9.998122638496405,solid,spooky,LQDR,FTM
1651066035338,10,8.980501541325767,solid,spooky,SPIRIT,FTM
1651066035557,10,9.936794965259114,solid,spirit,FTM,LQDR
1651066035776,10,9.755209464043432,solid,spirit,FTM,SPIRIT
1651066036030,10,10.000474223507227,solid,spirit,LQDR,FTM
1651066036229,10,9.780748702392177,solid,spirit,SPIRIT,FTM
1651066036415,10,9.997198366508075,solid,solid,FTM,LQDR
1651066036605,10,9.602784476442974,solid,solid,FTM,SPIRIT
1651066036863,10,9.99719686100488,solid,solid,LQDR,FTM
1651066037125,10,9.602808081349886,solid,solid,SPIRIT,FTM
1651105627625,10,9.959323745996313,spooky,spooky,FTM,LQDR
1651105627837,10,8.768515174798448,spooky,spooky,FTM,SPIRIT
1651105628012,10,9.95932015468531,spooky,spooky,LQDR,FTM
1651105628208,10,8.76350897996513,spooky,spooky,SPIRIT,FTM
1651105628385,10,9.918350666527791,spooky,spirit,FTM,LQDR
1651105628575,10,9.357076148610114,spooky,spirit,FTM,SPIRIT
1651105628767,10,9.981112073247834,spooky,spirit,LQDR,FTM
1651105628934,10,9.27311527419435,spooky,spirit,SPIRIT,FTM
1651105629126,10,9.960869572475607,spooky,solid,FTM,LQDR
1651105629277,10,9.123941917219746,spooky,solid,FTM,SPIRIT
1651105629467,10,9.995640635798965,spooky,solid,LQDR,FTM
1651105629674,10,9.208018612529065,spooky,solid,SPIRIT,FTM
1651105629907,10,9.981113878537236,spirit,spooky,FTM,LQDR
1651105630084,10,9.280268245251142,spirit,spooky,FTM,SPIRIT
1651105630279,10,9.91835094609388,spirit,spooky,LQDR,FTM
1651105630451,10,9.353423188230574,spirit,spooky,SPIRIT,FTM
1651105630633,10,9.940051893229608,spirit,spirit,FTM,LQDR
1651105630799,10,9.94004668915155,spirit,spirit,FTM,SPIRIT
1651105630989,10,9.940051822750412,spirit,spirit,LQDR,FTM
1651105631180,10,9.938685358321157,spirit,spirit,LQDR,SPIRIT
1651105631351,10,9.940046292416625,spirit,spirit,SPIRIT,FTM
1651105631524,10,9.938676748129874,spirit,spirit,SPIRIT,LQDR
1651105631712,10,9.98266299484941,spirit,solid,FTM,LQDR
1651105631899,10,9.681062596092053,spirit,solid,FTM,SPIRIT
1651105632128,10,9.95452219407502,spirit,solid,LQDR,FTM
1651105632324,10,9.856835284200214,spirit,solid,SPIRIT,FTM
1651105632513,10,9.995643058506895,solid,spooky,FTM,LQDR
1651105632721,10,9.2085217397387,solid,spooky,FTM,SPIRIT
1651105632910,10,9.960865627430126,solid,spooky,LQDR,FTM
1651105633090,10,9.12287137785502,solid,spooky,SPIRIT,FTM
1651105633278,10,9.954521794540613,solid,spirit,FTM,LQDR
1651105633460,10,9.858054197759067,solid,spirit,FTM,SPIRIT
1651105633690,10,9.982660980573087,solid,spirit,LQDR,FTM
1651105633883,10,9.67871048371807,solid,spirit,SPIRIT,FTM
1651105634095,10,9.997194368183157,solid,solid,FTM,LQDR
1651105634317,10,9.602784476442974,solid,solid,FTM,SPIRIT
1651105634495,10,9.99719173800492,solid,solid,LQDR,FTM
1651105634669,10,9.602808081349886,solid,solid,SPIRIT,FTM
